#{"t_start": 1766708368.2664728, "env_id": "BipedalWalker-v3"}
r,l,t
-91.9794,115,0.842936
-92.200336,117,0.898525
-91.755698,118,0.952526
-91.689809,158,1.035944
-91.670043,123,1.09104
-98.807233,163,2.659155
-112.385713,170,2.730958
-4.55277,1600,3.489827
-111.949055,136,3.54918
-98.852624,170,3.621916
-101.285602,72,3.676066
-103.973538,80,3.717657
-96.518305,100,4.356335
-111.936318,135,4.413933
-96.728037,116,4.462998
-4.595224,1600,5.243195
-112.266247,134,5.301857
-107.499973,69,5.353526
-113.432647,95,5.404652
-118.875933,99,5.464768
-113.435175,64,5.499773
-127.816098,86,6.258823
-95.437418,105,6.756535
-112.364798,166,6.828953
-95.63976,101,6.874953
-95.456483,102,6.920824
-95.20394,129,6.976029
-102.03986,73,7.024096
-99.177797,122,8.460697
-11.353532,1600,9.235828
-98.855627,153,9.310738
-99.628219,139,9.383066
-113.012956,164,9.477618
-99.386508,146,10.378179
-99.428358,158,10.492783
-99.059098,145,10.564722
-113.876429,267,10.685087
-113.478498,256,10.798509
-100.855926,73,10.842756
-111.635766,153,12.276113
-112.175087,157,12.345705
-112.123692,160,12.413084
-112.891139,123,12.504786
-111.946093,145,12.590133
-105.431154,50,12.618647
-115.998802,73,12.66371
-104.864402,68,12.701213
-98.411887,68,12.737813
-8.131038,1600,13.945481
-8.324193,1600,14.620229
-111.82155,155,14.690224
-113.02809,377,14.853711
-8.265359,1600,15.535068
-111.330437,63,16.978397
-111.501084,64,17.006478
-111.59785,65,17.034079
-111.706552,65,17.06617
-111.342945,65,17.100639
-115.598919,141,17.175288
-110.172171,62,17.210747
-105.052027,65,17.24682
-112.513531,100,18.609777
-112.526418,98,18.652443
-112.493435,98,18.695389
-112.667991,101,18.740075
-112.760495,96,18.783326
-112.605377,98,19.522741
-112.724616,97,19.562894
-112.732713,100,19.609485
-112.503334,100,19.655082
-112.754957,96,19.70063
-114.025952,90,21.13756
-114.126078,91,21.181626
-114.107539,83,21.217075
-114.161053,88,21.257084
-114.194534,89,21.298091
-114.184719,84,22.015846
-114.314758,91,22.058437
-114.091609,90,22.098452
-114.284678,92,22.138743
-114.334851,93,22.181729
-111.406733,71,22.222375
-56.536309,1600,24.352807
-56.907358,1600,25.13046
-56.902241,1600,25.875325
-49.313602,1600,26.611358
-56.805311,1600,27.348785
-103.27267,81,27.400847
-110.313976,67,27.441421
-59.057968,1600,29.672564
-59.197372,1600,30.440744
-60.069721,1600,31.130307
-59.046979,1600,31.929193
-60.643349,1600,32.648862
-60.374013,1600,34.10736
-59.110801,1600,34.843033
-59.153729,1600,35.642694
-60.800547,1600,36.438997
-59.15287,1600,37.225689
-61.854756,1600,39.375792
-60.429237,1600,40.130336
-61.619379,1600,40.856112
-62.472655,1600,41.59341
-61.640013,1600,42.311254
-165.092317,1220,42.999709
-65.058453,1600,43.794766
-61.62716,1600,44.56764
-61.260685,1600,45.289613
-64.344644,1600,45.986108
-62.471165,1600,46.697377
-110.619888,107,47.473531
-152.638864,1039,48.038694
-64.434705,1600,48.812021
-64.610757,1600,49.54477
-63.122056,1600,50.243581
-64.304287,1600,50.925541
-64.581524,1600,51.615894
-51.977131,1600,53.782259
-47.268371,1600,54.558577
-54.079817,1600,55.301698
-54.289652,1600,56.007555
-54.069437,1600,56.710739
-138.664016,834,57.214437
-103.7394,64,57.248448
-101.859034,72,57.285979
-106.478692,87,57.331981
-54.780864,1600,58.166454
-53.734699,1600,58.924002
-50.865326,1600,59.628967
-46.885486,1600,60.423905
-46.910998,1600,61.258504
-161.317038,1150,62.63577
-54.238688,1600,63.476238
-53.928578,1600,64.258824
-53.59087,1600,65.00465
-54.252847,1600,65.712886
-53.465564,1600,66.440866
-48.714397,1600,68.564498
-53.888055,1600,69.354187
-53.672956,1600,70.088714
-48.057545,1600,70.88957
-53.647285,1600,71.642232
-53.866916,1600,73.065433
-56.661708,1600,73.822303
-53.723458,1600,74.615135
-47.936451,1600,75.34152
-53.780877,1600,76.074113
-45.505468,1600,78.174469
-43.820971,1600,78.887785
-43.055284,1600,79.675069
-43.185857,1600,80.410087
-42.029515,1600,81.174289
-31.349718,1600,82.638304
-42.9399,1600,83.360081
-49.199165,1600,84.054406
-42.612624,1600,84.839628
-42.160457,1600,85.582593
-142.512581,902,86.792791
-105.395172,62,86.828321
-104.77294,56,86.862327
-53.478752,1600,87.711638
-51.442213,1600,88.436523
-60.725734,1600,89.173949
-62.387592,1600,89.942389
-51.450029,1600,90.641174
-122.420184,71,90.681161
-35.881303,1600,92.796734
-39.555899,1600,93.525313
-35.853826,1600,94.232641
-35.817301,1600,95.076334
-35.502016,1600,95.809114
-105.623779,54,95.84912
-153.12615,1058,96.439094
-38.297725,1600,97.336206
-53.260158,1600,98.068683
-57.161389,1600,98.800012
-39.595763,1600,99.575864
-35.80933,1600,100.373893
-112.055494,81,100.421934
-56.086579,1600,102.609678
-36.718751,1600,103.327959
-57.89491,1600,104.024451
-44.84414,1600,104.848312
-44.46809,1600,105.567278
-100.744143,89,105.617915
-106.254834,63,105.649931
-104.245754,76,105.692459
-44.325118,1600,107.045766
-35.20502,1600,107.754717
-36.705974,1600,108.521077
-36.417132,1600,109.341625
-36.452714,1600,110.409648
-101.573726,55,110.451393
-100.418068,68,110.488403
-102.963509,67,111.246955
-103.202401,65,111.286226
-41.596753,1600,112.624711
-49.495056,1600,113.454167
-41.581944,1600,114.172043
-41.548677,1600,114.997146
-41.565911,1600,115.738538
-101.639882,100,115.821038
-100.793742,71,115.875114
-39.469515,1600,118.269304
-39.467802,1600,119.055559
-51.54059,1600,119.849773
-44.563333,1600,120.655258
-39.485078,1600,121.42233
-39.547355,1600,123.442322
-39.539901,1600,124.25186
-39.398737,1600,124.980381
-39.484864,1600,125.820791
-44.190232,1600,126.602908
-119.368808,58,126.639908
-36.655918,1600,128.693601
-37.597012,1600,129.377051
-37.527346,1600,130.12443
-52.812549,1600,131.152803
-37.577812,1600,131.92666
-52.804505,1600,133.680153
-37.582085,1600,134.426545
-37.596775,1600,135.249173
-52.642678,1600,136.097234
-37.063905,1600,136.760385
-51.565873,1600,138.942195
-51.614049,1600,139.747617
-50.189974,1600,140.565341
-50.154785,1600,141.330303
-51.37351,1600,142.057465
-109.255315,85,142.103479
-48.016123,1600,144.197183
-48.008183,1600,144.914389
-51.344093,1600,145.751962
-51.279681,1600,146.54302
-51.267147,1600,147.383679
-101.617189,60,147.416603
-47.929957,1600,148.80683
-48.016499,1600,149.507321
-48.006434,1600,150.233638
-48.008175,1600,151.052649
-48.006636,1600,151.779834
-62.063439,1600,153.894896
-62.036259,1600,154.546669
-62.008855,1600,155.211177
-62.050235,1600,155.863627
-63.84377,1600,156.602324
-58.43102,1600,158.648748
-63.556965,1600,159.315352
-44.509842,1600,160.078979
-46.346517,1600,160.851831
-64.569406,1600,161.566698
-63.789143,1600,162.94511
-57.86183,1600,163.660702
-57.387323,1600,164.364049
-57.726526,1600,165.039711
-54.065195,1600,165.719895
-61.784006,1600,167.895788
-38.705132,1600,168.629804
-39.127765,1600,169.401295
-61.558382,1600,170.072035
-39.308871,1600,170.792886
-39.093333,1600,172.211544
-39.339952,1600,173.071774
-39.097181,1600,173.844386
-61.638026,1600,174.521934
-61.711,1600,175.204613
-51.743637,1600,177.408694
-52.900314,1600,178.064462
-52.06815,1600,178.706823
-52.102898,1600,179.366433
-52.082501,1600,180.023561
-104.91679,65,180.062862
-38.642698,1600,182.215191
-38.773539,1600,182.985036
-48.378783,1600,183.651068
-38.364377,1600,184.42206
-38.760208,1600,185.1296
-162.987178,1223,185.827526
-43.607096,1600,186.524982
-48.181635,1600,187.264071
-49.83422,1600,187.973516
-38.457818,1600,188.661958
-38.761001,1600,189.399217
-156.497822,1122,190.722871
-42.062461,1600,191.56183
-41.771892,1600,192.413375
-41.796711,1600,193.178897
-41.540056,1600,193.8707
-41.821085,1600,194.682628
-122.099179,595,195.027209
-55.506676,1600,196.076189
-41.618663,1600,196.84034
-41.784825,1600,197.678927
-52.330417,1600,198.332616
-56.375309,1600,199.008474
-62.476632,1600,201.07154
-61.882495,1600,201.738093
-49.869044,1600,202.541808
-52.947009,1600,203.206339
-62.17486,1600,203.883875
-130.947263,748,204.30104
-64.088999,1600,206.007631
-63.806738,1600,206.665755
-63.687127,1600,207.44063
-40.208145,1600,208.239006
-63.934988,1600,208.940028
-128.748368,717,209.341498
-63.898515,1600,210.346175
-63.775963,1600,210.994553
-64.030341,1600,211.652308
-64.118634,1600,212.372514
-64.005197,1600,213.037347
-108.212852,54,213.066874
-137.961514,851,214.23693
-59.1865,1600,215.096296
-41.494932,1600,215.857633
-35.824278,1600,216.653136
-59.227278,1600,217.314341
-59.257507,1600,218.02709
-109.026897,65,218.065792
-108.696782,62,218.097461
-142.716733,949,218.64561
-58.995651,1600,219.420146
-58.671025,1600,220.096615
-35.803852,1600,220.866921
-59.018737,1600,221.528027
-58.928814,1600,222.19641
-61.453722,1600,224.344178
-61.381278,1600,225.004351
-61.441897,1600,225.715837
-62.457908,1600,226.389411
-61.058771,1600,227.062664
-154.535887,1108,228.453933
-61.635531,1600,229.224488
-62.305106,1600,229.913276
-61.887013,1600,230.548848
-62.525084,1600,231.216585
-62.635888,1600,231.892956
-162.959617,1232,232.565593
-62.521946,1600,233.296643
-62.693698,1600,233.963209
-62.447135,1600,234.661557
-62.17091,1600,235.332995
-62.353209,1600,236.069037
-63.257223,1600,238.316365
-62.375522,1600,239.003289
-63.328541,1600,239.66306
-62.709249,1600,240.342455
-63.318888,1600,241.018119
-125.388506,686,241.398634
-47.951975,1600,243.198936
-52.023007,1600,243.91646
-46.419793,1600,244.673775
-59.303569,1600,245.344308
-46.424442,1600,246.084225
-147.090634,985,246.654998
-46.434826,1600,247.531857
-59.00338,1600,248.233134
-59.014516,1600,248.884057
-59.394087,1600,249.599081
-59.483108,1600,250.256349
-64.923259,1600,252.333112
-63.873708,1600,252.993546
-63.829338,1600,253.683703
-63.753414,1600,254.36839
-63.840051,1600,255.051672
-131.136652,739,255.472614
-63.828002,1600,256.507557
-64.919838,1600,257.18848
-63.878745,1600,257.847972
-63.747957,1600,258.560154
-64.126751,1600,259.237454
-106.39414,51,259.270529
-143.510949,943,260.51226
-65.608153,1600,261.291723
-58.769548,1600,262.011507
-59.622306,1600,262.697501
-65.595242,1600,263.350092
-65.341382,1600,264.096087
-63.079742,1600,266.14691
-63.880497,1600,266.882983
-63.080466,1600,267.57764
-63.07082,1600,268.250695
-68.283269,1600,268.950485
-63.22531,1600,270.327948
-63.077105,1600,270.97165
-67.842241,1600,271.662898
-63.881431,1600,272.310796
-62.793682,1600,272.955449
-107.943138,110,273.018378
-62.572495,1600,275.031714
-61.847491,1600,275.693151
-68.923483,1600,276.411127
-50.982402,1600,277.149545
-62.362587,1600,277.817365
-69.502886,1600,279.217396
-50.96092,1600,279.913571
-62.012142,1600,280.587004
-50.44349,1600,281.362591
-62.202349,1600,281.995032
-136.971109,830,283.184811
-63.916495,1600,284.113844
-63.418095,1600,284.791831
-63.665134,1600,285.446857
-63.910847,1600,286.09752
-56.764476,1600,286.774623
-56.027655,1600,288.828787
-56.130246,1600,289.572415
-56.325367,1600,290.241404
-56.551079,1600,290.906558
-44.094435,1600,291.701613
-111.688362,85,291.75157
-56.880955,1600,293.053676
-56.678755,1600,293.734927
-56.405793,1600,294.473427
-56.261708,1600,295.145031
-56.190883,1600,295.833568
-127.684692,711,297.025906
-51.298886,1600,298.03158
-51.281257,1600,298.678895
-51.206688,1600,299.342964
-51.84077,1600,300.040557
-51.817629,1600,300.688129
-157.550239,1162,301.331808
-41.991223,1600,302.031273
-51.348962,1600,302.728699
-51.329249,1600,303.381306
-51.196082,1600,304.032535
-51.987669,1600,304.769211
-52.58819,1600,306.844676
-43.037265,1600,307.494761
-45.352003,1600,308.200487
-52.637433,1600,308.906743
-45.278908,1600,309.665414
-48.254217,1600,311.996789
-47.266891,1600,312.662179
-47.230334,1600,313.347174
-47.849058,1600,313.97281
-47.949012,1600,314.633484
-47.944049,1600,316.032039
-47.308734,1600,316.75605
-47.323254,1600,317.419802
-47.232386,1600,318.08562
-48.098503,1600,318.832799
-133.507017,790,319.99456
-39.204335,1600,321.084139
-43.710712,1600,321.764924
-38.680759,1600,322.537778
-42.835273,1600,323.194777
-40.189476,1600,323.858951
-43.955533,1600,325.298314
-42.136329,1600,325.984519
-40.900492,1600,326.664039
-42.276365,1600,327.362565
-43.674796,1600,328.013668
-39.051864,1600,330.181165
-38.645696,1600,331.035536
-40.091705,1600,331.793734
-39.356643,1600,332.546766
-39.324325,1600,333.336705
-109.983603,64,333.373279
-42.313314,1600,335.505831
-42.069969,1600,336.219331
-42.179739,1600,336.889438
-44.203719,1600,337.583455
-44.225742,1600,338.273981
-42.308368,1600,339.708195
-42.079092,1600,340.372441
-42.258649,1600,341.106394
-42.082847,1600,341.810545
-42.300688,1600,342.504331
-136.979308,859,343.672306
-44.37514,1600,344.572761
-48.108676,1600,345.258512
-43.501436,1600,345.971973
-45.232804,1600,346.66118
-43.482935,1600,347.354868
-144.847624,988,347.903949
-41.749471,1600,349.478631
-43.961497,1600,350.140804
-41.784391,1600,350.889757
-43.830688,1600,351.566529
-42.400708,1600,352.232361
-41.797332,1600,353.651921
-43.805368,1600,354.30228
-41.762399,1600,354.989939
-41.739242,1600,355.657346
-41.765234,1600,356.411046
-49.351745,1600,358.65131
-49.329087,1600,359.365129
-42.039287,1600,360.077885
-44.237949,1600,360.735642
-42.053453,1600,361.469313
-132.792516,823,361.937562
-44.133812,1600,362.863221
-41.855541,1600,363.556875
-48.866344,1600,364.268782
-44.320629,1600,364.934802
-44.4309,1600,365.588805
-39.375865,1600,367.721369
-42.167476,1600,368.411039
-44.195177,1600,369.163563
-42.129066,1600,369.815387
-39.348586,1600,370.521679
-33.319711,1600,372.664284
-33.053467,1600,373.320948
-33.465166,1600,374.030743
-34.91589,1600,375.247161
-34.878937,1600,376.1512
-137.11831,886,376.973554
-34.239882,1600,378.276663
-35.026515,1600,379.226956
-36.219392,1600,380.162827
-36.30831,1600,381.085571
-33.978428,1600,382.07859
-37.438635,1600,385.093886
-33.962141,1600,386.023072
-36.292641,1600,387.051878
-37.214764,1600,388.027951
-32.166453,1600,388.984008
-122.769666,672,389.512687
-34.040049,1600,391.048621
-31.790129,1600,392.037627
-33.408396,1600,393.076957
-32.21363,1600,394.045882
-35.687517,1600,395.044507
-31.156653,1600,398.052264
-33.366794,1600,399.039181
-31.959959,1600,399.969018
-41.799688,1600,401.051207
-32.332921,1600,402.038076
-130.008988,804,402.676824
-31.821181,1600,404.947857
-31.602977,1600,405.940039
-32.009476,1600,406.909338
-31.812651,1600,407.86082
-31.912909,1600,408.801787
-32.801463,1600,411.088253
-31.818716,1600,412.045264
-31.578843,1600,412.961073
-31.857822,1600,413.962495
-32.803174,1600,414.923695
-122.685476,679,416.568375
-31.92369,1600,418.079099
-31.699946,1600,419.07954
-30.400365,1600,420.049612
-31.363613,1600,420.994095
-30.029256,1600,421.972794
-137.078454,912,422.711069
-30.033109,1600,423.970949
-31.040412,1600,424.884016
-30.373312,1600,425.865937
-31.313862,1600,426.746963
-31.365641,1600,427.633346
-34.574621,1600,429.990493
-32.731997,1600,430.832953
-32.637991,1600,431.552359
-31.722072,1600,432.38552
-33.676257,1600,433.120351
-142.602384,967,434.501369
-32.771427,1600,435.423342
-32.759322,1600,436.170858
-30.555394,1600,436.905975
-32.798243,1600,437.655869
-31.863684,1600,438.3985
-125.084542,703,438.903153
-30.916374,1600,440.020051
-32.857313,1600,440.726877
-31.810505,1600,441.46114
-32.703632,1600,442.22778
-32.738187,1600,443.061455
-35.465586,1600,445.36636
-36.14131,1600,446.071145
-36.231733,1600,446.851059
-34.442646,1600,447.533686
-36.057418,1600,448.281029
-37.841767,1600,450.546008
-37.469799,1600,451.280586
-38.747599,1600,451.985549
-37.730559,1600,452.874111
-38.321342,1600,453.561701
-38.621111,1600,455.077374
-44.196469,1600,455.909927
-37.036729,1600,456.638347
-37.125789,1600,457.386726
-37.479972,1600,458.164255
-38.249876,1600,460.422596
-34.799299,1600,461.208401
-38.087887,1600,461.915776
-37.694651,1600,462.628256
-35.65595,1600,463.513041
-39.510072,1600,464.975537
-38.248194,1600,465.831736
-36.949974,1600,466.50677
-36.69985,1600,467.244955
-34.204943,1600,467.96366
-40.88529,1600,470.161875
-36.423769,1600,470.965011
-36.031367,1600,471.699024
-47.434306,1600,472.457299
-35.563372,1600,473.202875
-111.802561,493,473.536155
-40.440585,1600,475.579743
-37.416884,1600,476.41623
-49.331135,1600,477.146124
-38.229147,1600,477.852174
-50.274552,1600,478.553998
-37.381251,1600,480.075209
-37.650316,1600,480.869054
-39.279713,1600,481.611143
-36.955509,1600,482.317401
-51.301546,1600,483.01158
-40.865334,1600,485.293922
-41.386821,1600,486.110629
-44.448899,1600,486.830546
-39.934622,1600,487.550242
-36.537528,1600,488.263947
-36.021948,1600,489.696526
-44.581864,1600,490.416097
-37.159546,1600,491.233096
-35.542685,1600,491.983612
-39.749923,1600,492.699089
-35.963493,1600,495.027999
-46.305002,1600,495.740178
-29.350711,1600,496.5526
-38.245611,1600,497.312128
-39.270495,1600,498.050179
-33.828932,1600,500.196379
-40.11212,1600,500.919332
-36.911429,1600,501.731099
-38.068356,1600,502.457018
-31.536985,1600,503.212987
-119.572168,605,503.563105
-30.526307,1600,504.694053
-31.858544,1600,505.47526
-38.289872,1600,506.224733
-28.297438,1600,507.09035
-38.006812,1600,507.872079
-35.842621,1600,510.096928
-33.178122,1600,510.909783
-36.202829,1600,511.637329
-34.820406,1600,512.385717
-37.656998,1600,513.124177
-34.226245,1600,514.597421
-34.624387,1600,515.362708
-38.648784,1600,516.083476
-35.422306,1600,516.866711
-35.646348,1600,517.562484
-33.226187,1600,519.772634
-32.987349,1600,520.470783
-24.136298,1600,521.233202
-27.843266,1600,522.028022
-27.196195,1600,522.765991
-110.935744,482,523.076094
-36.352883,1600,525.039533
-24.308029,1600,525.841389
-26.030617,1600,526.516315
-36.700748,1600,527.359677
-36.708968,1600,528.116229
-23.761932,1600,529.614513
-29.009549,1600,530.316724
-36.813211,1600,531.05161
-23.501739,1600,531.822827
-36.777723,1600,532.546597
-109.079547,459,533.57446
-35.07643,1600,534.833689
-28.632368,1600,535.519459
-31.03957,1600,536.328685
-44.448757,1600,537.110602
-53.398585,1600,537.929906
-123.843125,647,538.325052
-27.186883,1600,540.191889
-29.364594,1600,540.95265
-30.163587,1600,541.704241
-29.917698,1600,542.504802
-31.071054,1600,543.234215
-30.089173,1600,544.624691
-27.504618,1600,545.375608
-30.753124,1600,546.158701
-29.681919,1600,546.877005
-40.030626,1600,547.676548
-34.374253,1600,549.930144
-49.829249,1600,550.629586
-43.175637,1600,551.379836
-43.531366,1600,552.137252
-41.816203,1600,552.955858
-41.891974,1600,554.455648
-44.455307,1600,555.361759
-35.370262,1600,556.1155
-30.592379,1600,556.900746
-45.936184,1600,557.655617
-44.137915,1600,559.882676
-37.962664,1600,560.636217
-48.260234,1600,561.381215
-41.775191,1600,562.212435
-41.626062,1600,563.034739
-41.656923,1600,565.263782
-50.773177,1600,565.988159
-40.196272,1600,566.724056
-44.795588,1600,567.540434
-60.008863,1600,568.408303
-40.913576,1600,569.921498
-38.786316,1600,570.615806
-50.199574,1600,571.345252
-40.697806,1600,572.075017
-42.409583,1600,572.785942
-112.599187,512,573.181132
-34.197081,1600,575.055195
-51.040023,1600,575.794085
-43.900147,1600,576.548014
-39.837516,1600,577.347666
-53.928527,1600,578.13874
-35.230302,1600,579.643273
-41.263682,1600,580.383598
-36.984314,1600,581.129349
-44.738745,1600,581.85162
-38.621817,1600,582.642241
-43.538538,1600,584.965889
-43.449258,1600,585.651899
-46.141605,1600,586.387264
-35.723561,1600,587.125257
-43.533793,1600,588.333952
-115.961885,594,588.787081
-37.696261,1600,590.854421
-43.742578,1600,591.681087
-33.701687,1600,592.806704
-43.240828,1600,594.199603
-52.651528,1600,595.229241
-102.375231,365,595.465028
-31.905486,1600,596.818496
-39.603345,1600,597.63372
-46.218396,1600,598.513215
-51.600744,1600,599.254024
-39.48688,1600,600.008462
-119.021685,603,601.194038
-49.663931,1600,602.387673
-55.159111,1600,603.142342
-44.753526,1600,603.871667
-100.930938,556,604.23115
-29.663259,1600,605.054353
-108.680991,449,605.315808
-44.292837,1600,606.718572
-13.151557,1600,607.488051
-28.428103,1600,608.243146
-45.335911,1600,609.017817
-49.403499,1600,609.753622
-39.095494,1600,612.146624
-39.242241,1600,612.840354
-44.428284,1600,613.594273
-40.911425,1600,614.313608
-33.331328,1600,615.006186
-58.287646,1600,617.217244
-61.544016,1600,617.972976
-47.82548,1600,618.849321
-57.425247,1600,619.573977
-50.466601,1600,620.313783
-108.71523,464,620.617675
-105.002135,402,620.913472
-46.346386,1600,621.921354
-46.611601,1600,622.680665
-45.980633,1600,623.385853
-46.18458,1600,624.107223
-45.543928,1600,624.860815
-51.220083,1600,627.341527
-41.5708,1600,628.151505
-32.053644,1600,629.175076
-44.880248,1600,630.150495
-65.229421,1600,631.133772
-47.693976,1600,634.165081
-42.002359,1600,636.870882
-49.834489,1600,638.805521
-46.053314,1600,641.076205
-43.314834,1600,642.750692
-107.845044,447,643.327638
-46.866134,1600,645.319767
-35.144109,1600,646.336233
-47.079061,1600,647.407501
-49.939685,1600,648.49362
-47.46724,1600,649.545922
-52.81375,1600,652.96751
-53.242621,1600,654.180937
-50.010945,1600,655.222811
-54.062716,1600,656.277985
-54.863265,1600,657.32223
-104.520329,382,657.641703
-122.18778,85,657.711892
-45.672746,1600,659.426227
-55.549999,1600,660.67445
-48.576952,1600,663.023931
-52.387723,1600,664.131284
-46.73405,1600,665.264045
-121.821512,669,667.489633
-54.89292,1600,669.413433
-63.51536,1600,670.894046
-54.443319,1600,672.067672
-56.462856,1600,673.217815
-52.658645,1600,674.280078
-122.302572,686,674.871852
-55.905427,1600,677.496709
-52.026524,1600,678.559438
-54.320192,1600,679.592738
-50.38985,1600,680.704939
-56.236231,1600,681.732094
-129.039194,797,682.443703
-55.59603,1600,684.033773
-55.47036,1600,685.112515
-54.777116,1600,686.166833
-49.362337,1600,687.251986
-56.220734,1600,688.68088
-52.842801,1600,692.488816
-58.496815,1600,693.593544
-54.552497,1600,694.869201
-53.975138,1600,695.951556
-55.650868,1600,697.108552
-55.473574,1600,699.290513
-54.637001,1600,700.579121
-54.12457,1600,701.870727
-54.071086,1600,703.078599
-50.958256,1600,704.323025
-48.143,1600,707.721556
-41.900699,1600,708.785615
-43.855527,1600,709.919843
-49.071853,1600,711.158494
-43.11074,1600,712.225714
-46.989533,1600,715.61505
-49.744348,1600,716.680427
-47.417235,1600,717.738595
-45.517352,1600,718.790573
-47.217374,1600,719.821643
-64.178182,1600,721.978831
-49.469297,1600,723.011828
-48.466359,1600,724.072319
-47.585035,1600,725.103983
-48.39146,1600,726.274674
-46.387029,1600,729.506031
-47.668031,1600,730.563166
-49.226155,1600,731.653326
-53.538098,1600,732.730909
-51.103665,1600,733.80519
-111.490075,505,734.25145
-47.729121,1600,735.990324
-47.312631,1600,737.156908
-50.084719,1600,738.256988
-49.435054,1600,739.381826
-51.375067,1600,740.53043
-71.958117,1600,744.024098
-50.942347,1600,745.145449
-63.27065,1600,746.280575
-63.28244,1600,747.444585
-52.621681,1600,748.599389
-49.302516,1600,752.009377
-52.23205,1600,753.125607
-54.94265,1600,754.232289
-52.103389,1600,755.383103
-52.478112,1600,756.544883
-59.617246,1600,758.991858
-55.7164,1600,760.160993
-54.171399,1600,761.354075
-49.066168,1600,762.526397
-52.258473,1600,763.801833
-56.033534,1600,767.632681
-42.70302,1600,768.89675
-59.495342,1600,770.068754
-59.634504,1600,771.237799
-55.802687,1600,772.429057
-114.692528,547,772.960461
-59.661656,1600,774.35303
-67.432449,1600,775.264141
-59.476893,1600,776.149359
-56.11181,1600,777.042702
-55.983864,1600,777.918226
-54.625896,1600,780.49395
-57.067124,1600,781.367687
-54.973238,1600,782.199041
-68.244673,1600,783.010388
-57.744444,1600,783.850953
-43.883075,1600,786.412091
-64.157582,1600,787.249115
-62.134544,1600,788.09668
-58.88446,1600,789.043849
-48.910103,1600,789.858886
-133.28342,881,790.490795
-61.861127,1600,791.594573
-61.948079,1600,792.460859
-58.871189,1600,793.282474
-35.443786,1600,794.109395
-44.000646,1600,794.91725
-108.838384,493,796.134251
-60.617402,1600,797.508752
-60.575759,1600,798.320756
-59.849243,1600,799.272879
-43.431837,1600,800.092959
-50.5178,1600,800.889922
-46.477794,1600,803.466451
-42.842792,1600,804.28997
-41.689796,1600,805.153871
-45.380358,1600,806.073802
-41.907917,1600,806.893368
-120.4564,691,807.365491
-42.560873,1600,808.580173
-52.702584,1600,809.500851
-43.727853,1600,810.368754
-41.666198,1600,811.193835
-42.049318,1600,811.985863
-118.425392,607,812.428055
-62.307648,1600,814.538456
-66.381493,1600,815.336728
-62.139431,1600,816.212847
-42.460924,1600,817.076072
-42.196132,1600,817.849933
-61.585019,1600,819.585098
-43.00053,1600,820.496034
-63.203721,1600,821.391643
-47.798739,1600,822.173484
-62.114949,1600,822.991728
-109.733816,477,824.215183
-48.06601,1600,825.576445
-53.792072,1600,826.400163
-44.250661,1600,827.192131
-41.769531,1600,828.037815
-40.459212,1600,828.842852
-65.126551,1600,831.536182
-50.494804,1600,832.378909
-51.848413,1600,833.184963
-46.207339,1600,833.998272
-45.64225,1600,834.862254
-51.772412,1600,836.60986
-47.470034,1600,837.420234
-42.353494,1600,838.188661
-46.792453,1600,839.019687
-67.437233,1600,839.822981
-65.946593,1600,842.875953
-38.908928,1600,843.72512
-43.349396,1600,844.513772
-52.406522,1600,845.330312
-42.965372,1600,846.144272
-137.265193,970,846.81396
-37.410214,1600,847.868965
-70.852442,1600,848.698548
-37.734201,1600,849.495665
-42.809126,1600,850.322244
-48.576637,1600,851.343271
-45.883261,1600,853.898925
-39.189862,1600,854.744202
-39.427413,1600,855.566196
-32.908877,1600,856.370532
-74.264403,1600,857.19079
-116.235532,91,857.250782
-40.778904,1600,859.686686
-41.965151,1600,860.475109
-63.066496,1600,861.303667
-41.776706,1600,862.355355
-64.345003,1600,863.223217
-124.253915,719,863.722615
-41.816884,1600,864.903021
-64.404889,1600,865.736217
-42.432819,1600,866.567012
-42.124033,1600,867.36713
-37.945097,1600,868.220649
-55.532843,1600,870.737026
-66.520677,1600,871.501884
-71.379368,1600,872.490413
-44.566386,1600,873.275995
-42.278618,1600,874.084125
-115.270576,581,874.516625
-74.920475,1600,875.786683
-39.914931,1600,876.703315
-42.036532,1600,877.469972
-68.293076,1600,878.244455
-41.515829,1600,879.071148
-44.09527,1600,881.626983
-40.381276,1600,882.844842
-40.404841,1600,883.802946
-43.320449,1600,884.570894
-40.525158,1600,885.403866
-76.804524,1600,887.927603
-44.785342,1600,888.779806
-45.202636,1600,889.567521
-47.879959,1600,890.410434
-42.559244,1600,891.241868
-46.31743,1600,893.015214
-45.148041,1600,893.87965
-46.53427,1600,894.717906
-46.209214,1600,895.523894
-45.746761,1600,896.366623
-69.154954,1600,898.94605
-54.134584,1600,899.799263
-46.196944,1600,900.588777
-44.216774,1600,901.465288
-69.159196,1600,902.269704
-50.767743,1600,904.978814
-49.664319,1600,905.796641
-49.744642,1600,906.636477
-68.925068,1600,907.45419
-49.883845,1600,908.261949
-46.784801,1600,909.978371
-50.255149,1600,910.825004
-49.886254,1600,911.73359
-49.829883,1600,912.87309
-49.779178,1600,914.133305
-111.104543,520,914.482392
-67.209332,1600,916.763418
-69.238885,1600,917.714876
-46.739982,1600,918.584998
-77.225271,1600,919.396782
-67.751385,1600,920.235585
-47.529867,1600,921.857906
-69.743485,1600,922.709758
-45.931286,1600,923.514421
-54.071366,1600,924.42795
-64.236592,1600,925.285366
-47.935435,1600,927.793919
-68.945359,1600,928.595961
-51.591288,1600,929.378849
-63.422577,1600,930.218179
-47.272384,1600,930.99779
-54.239855,1600,933.495575
-55.607947,1600,934.334564
-49.287397,1600,935.476911
-53.368209,1600,936.507669
-51.202261,1600,937.287231
-118.826958,636,937.688003
-57.433668,1600,938.905694
-38.791644,1600,939.717206
-51.280532,1600,940.525546
-48.99688,1600,941.381161
-49.454358,1600,942.189624
-47.343578,1600,944.675437
-50.266132,1600,945.617427
-52.713007,1600,946.41209
-55.180043,1600,947.306958
-50.145738,1600,948.124866
-114.432557,584,948.504629
-51.438946,1600,949.782975
-51.293498,1600,950.601799
-53.143576,1600,951.370437
-49.426608,1600,952.217576
-40.422164,1600,953.066552
-125.639114,769,954.412294
-59.370284,1600,955.495198
-55.388314,1600,956.434046
-38.749441,1600,957.327294
-53.376512,1600,958.180024
-46.286963,1600,959.008034
-41.771331,1600,961.654279
-31.525462,1600,962.528616
-53.084697,1600,963.38343
-62.226192,1600,964.205308
-48.328703,1600,964.974164
-106.73443,434,965.29301
-56.494641,1600,966.750038
-62.033269,1600,967.591088
-26.408771,1600,968.463648
-62.504407,1600,969.269657
-59.126868,1600,970.080911
-64.125365,1600,972.637828
-62.151625,1600,973.423141
-41.826072,1600,974.255836
-57.142344,1600,975.044981
-39.365607,1600,975.867272
-38.208623,1600,977.664049
-61.405643,1600,978.503052
-59.850023,1600,979.320729
-63.298562,1600,980.112172
-47.395945,1600,980.953426
-46.535654,1600,983.497699
-38.394463,1600,984.331928
-50.585308,1600,985.119853
-53.638363,1600,985.898583
-39.722547,1600,986.705741
-44.13019,1600,989.290043
-65.33973,1600,990.108219
-50.662006,1600,990.924374
-20.739967,1600,991.79462
-65.333015,1600,992.570462
-52.303812,1600,994.188315
-43.809249,1600,995.005376
-51.667676,1600,995.8237
-55.05996,1600,996.648714
-46.526424,1600,997.55691
-112.790475,552,998.780689
-22.349655,1600,1000.100342
-43.626645,1600,1000.949621
-48.270798,1600,1001.738729
-45.872314,1600,1002.589904
-19.378619,1600,1003.521196
-119.967163,716,1003.97358
-38.661508,1600,1006.04797
-50.788172,1600,1006.874028
-54.465474,1600,1007.765008
-44.782581,1600,1008.649777
-49.395142,1600,1009.499915
-45.032225,1600,1011.426414
-51.014323,1600,1012.276807
-33.422043,1600,1013.122346
-33.870131,1600,1014.012229
-50.720687,1600,1014.850834
-24.425416,1600,1017.602275
-56.886081,1600,1018.543039
-90.1632,243,1018.694426
-21.661032,1600,1019.5142
-52.877588,1600,1020.320117
-38.635945,1600,1022.024503
-52.819534,1600,1022.86722
-58.371691,1600,1023.674844
-30.123076,1600,1024.493266
-40.380116,1600,1025.360595
-60.920573,1600,1027.902194
-62.031992,1600,1028.760851
-61.126719,1600,1029.622278
-57.86199,1600,1030.376055
-56.906222,1600,1031.214312
-40.880411,1600,1033.758788
-50.845109,1600,1034.55568
-34.875335,1600,1035.397426
-51.28338,1600,1036.249031
-24.740974,1600,1037.107615
-101.463382,403,1037.389492
-95.603945,280,1037.571235
-46.645085,1600,1038.735962
-50.619378,1600,1039.684265
-40.621811,1600,1040.560055
-26.362131,1600,1041.4109
-56.319309,1600,1042.22925
-103.205438,394,1042.491909
-59.289113,1600,1044.768607
-64.493565,1600,1045.581856
-59.554746,1600,1046.370526
-64.368264,1600,1047.189433
-25.786123,1600,1048.163795
-104.26626,411,1048.444107
-42.263171,1600,1049.932454
-29.342213,1600,1050.77808
-60.132049,1600,1051.636973
-37.800159,1600,1052.45219
-28.573019,1600,1053.315527
-47.992778,1600,1055.848346
-41.916877,1600,1056.81355
-47.006518,1600,1057.612772
-54.254649,1600,1058.509289
-47.379864,1600,1059.313319
-34.437703,1600,1061.999249
-48.838593,1600,1062.874018
-40.859168,1600,1063.707928
-42.410212,1600,1064.530235
-38.709441,1600,1065.364607
-103.214094,659,1066.559931
-35.474858,1600,1067.460417
-56.902017,1600,1068.23625
-59.826326,1600,1069.053215
-34.070651,1600,1069.900403
-36.357353,1600,1072.534297
-26.839148,1600,1073.402361
-32.106121,1600,1074.2878
-33.422344,1600,1075.1168
-36.751902,1600,1076.006634
-96.37987,295,1076.210155
-128.501027,170,1076.334456
-112.284653,592,1076.729088
-89.463008,210,1077.01326
-34.466321,1600,1077.87809
-31.966041,1600,1078.740955
-55.271738,1600,1079.539068
-48.660074,1600,1080.379968
-39.35984,1600,1083.124081
-37.038566,1600,1083.979901
-21.031161,1600,1084.861117
-29.332378,1600,1085.747065
-32.392895,1600,1086.670227
-43.264214,1600,1089.54747
-59.060397,1600,1090.382205
-54.340866,1600,1091.30498
-48.645308,1600,1092.235757
-57.857574,1600,1093.094965
-57.839954,1600,1094.797142
-53.688769,1600,1095.645487
-39.497221,1600,1096.530434
-56.372784,1600,1097.351029
-54.968446,1600,1098.196414
-66.517124,1600,1100.737873
-52.939939,1600,1101.572978
-52.093803,1600,1102.575896
-33.201802,1600,1103.437186
-53.527603,1600,1104.304139
-17.496273,1600,1106.902859
-47.295227,1600,1107.774903
-38.996862,1600,1108.634764
-88.766392,251,1108.770048
-52.326334,1600,1109.611176
-43.332192,1600,1111.291969
-63.842254,1600,1112.207159
-52.398843,1600,1113.112521
-18.207806,1600,1114.015073
-34.191277,1600,1114.90963
-119.825189,148,1115.007831
-44.800262,1600,1117.569388
-36.184774,1600,1118.448656
-27.469699,1600,1119.300876
-36.416959,1600,1120.140104
-38.887142,1600,1121.052046
-44.213749,1600,1122.966754
-49.929981,1600,1123.78938
-58.485025,1600,1124.617308
-33.119821,1600,1125.494344
-44.146485,1600,1126.323368
-55.173844,1600,1129.002213
-54.795311,1600,1129.838935
-48.610747,1600,1130.65101
-38.802557,1600,1131.489409
-39.847585,1600,1132.324824
-32.760178,1600,1135.205323
-25.489984,1600,1136.06679
-47.201957,1600,1136.893507
-30.807764,1600,1137.693655
-49.690221,1600,1138.561056
-116.390678,665,1139.011045
-41.802559,1600,1140.25621
-37.634283,1600,1141.051308
-53.893721,1600,1141.877222
-36.321003,1600,1142.718059
-63.898228,1600,1143.698897
-29.494757,1600,1146.436094
-48.883439,1600,1147.413391
-61.320831,1600,1148.205955
-24.773819,1600,1149.100549
-39.973544,1600,1150.001907
-65.847385,1600,1151.811947
-50.673909,1600,1152.651096
-33.3687,1600,1153.588712
-54.545166,1600,1154.583549
-88.171046,190,1154.693992
-71.155262,1600,1157.238508
-18.702371,1600,1158.194962
-51.6429,1600,1159.050047
-35.679201,1600,1159.916166
-92.18196,354,1160.142971
-61.527481,1600,1162.835938
-52.85069,1600,1163.64842
-38.740423,1600,1164.622127
-53.151946,1600,1165.499971
-53.007081,1600,1166.299472
-107.691268,42,1166.334591
-100.346947,356,1166.58024
-101.180997,384,1166.850787
-38.466777,1600,1167.980373
-70.895489,1600,1168.800323
-74.510595,1600,1169.645532
-53.179052,1600,1170.475623
-61.790629,1600,1171.271363
-54.749513,1600,1173.830669
-89.409954,210,1173.9407
-29.96916,1600,1174.854184
-23.554051,1600,1175.842637
-58.639052,1600,1176.715243
-93.028643,249,1176.883378
-38.645306,1600,1178.398222
-33.978601,1600,1179.240007
-44.120783,1600,1180.080745
-24.681407,1600,1180.973763
-38.204559,1600,1181.874369
-51.315856,1600,1184.588543
-96.905627,480,1184.833737
-41.952278,1600,1185.763202
-28.420832,1600,1186.653661
-12.782893,1600,1187.56996
-89.818478,220,1189.387465
-66.424515,1600,1190.222149
-20.608378,1600,1191.127992
-54.191456,1600,1191.954708
-88.542355,241,1192.078562
-107.255292,487,1192.435525
-34.050942,1600,1193.950118
-54.192112,1600,1194.790093
-54.206604,1600,1195.610569
-54.152509,1600,1196.586809
-54.030018,1600,1197.444272
-88.630953,243,1199.299597
-41.29378,1600,1200.193888
-71.984539,1600,1200.998861
-90.07265,252,1201.137595
-13.972703,1600,1201.980798
-114.629674,86,1202.038458
-21.736485,1600,1203.710561
-31.610865,1600,1204.557432
-43.082008,1600,1205.375006
-63.174052,1600,1206.297053
-55.751648,1600,1207.241374
-98.192614,340,1208.348637
-64.591568,1600,1209.819494
-36.898637,1600,1210.679809
-39.039181,1600,1211.557301
-32.380026,1600,1212.430703
-47.924585,1600,1213.526297
-44.27988,1600,1216.35907
-54.416565,1600,1217.333296
-27.549972,1600,1218.173626
-29.365383,1600,1219.019987
-88.678931,220,1219.139971
-52.092896,1600,1220.838767
-25.357088,1600,1221.672161
-35.982537,1600,1222.611316
-36.242934,1600,1223.478367
-99.160363,512,1223.787333
-39.314784,1600,1226.344751
-26.17742,1600,1227.262092
-42.838824,1600,1228.299562
-16.604371,1600,1229.166992
-32.631629,1600,1229.994942
-18.258545,1600,1232.531403
-20.852225,1600,1233.458909
-34.753335,1600,1234.274991
-20.856797,1600,1235.131133
-32.897364,1600,1236.065728
-113.798813,60,1236.118641
-34.430951,1600,1237.864275
-41.510938,1600,1238.723249
-33.242181,1600,1239.67895
-40.243678,1600,1240.523377
-19.668072,1600,1241.442056
-56.938611,1600,1244.03133
-37.77023,1600,1244.877528
-88.846505,217,1244.987421
-57.120432,1600,1245.774041
-39.443325,1600,1246.611303
-36.776146,1600,1248.413254
-36.420874,1600,1249.3284
-21.991509,1600,1250.16941
-19.843784,1600,1251.03101
-24.500424,1600,1251.858093
-55.758431,1600,1254.429413
-31.525283,1600,1255.244011
-36.533983,1600,1256.104148
-26.380798,1600,1257.020171
-34.922134,1600,1257.897026
-27.926478,1600,1260.571148
-33.196869,1600,1261.416931
-64.650157,1600,1262.278455
-38.57441,1600,1263.074358
-33.183754,1600,1263.992247
-89.584466,236,1265.010502
-51.633154,1600,1265.836014
-37.775419,1600,1266.69507
-38.942227,1600,1267.55913
-56.17279,1600,1268.383252
-64.436865,1600,1271.10728
-28.10559,1600,1271.970789
-36.569328,1600,1272.767751
-25.139448,1600,1273.651377
-31.633029,1600,1274.476728
-34.334968,1600,1276.204288
-87.919879,215,1276.320629
-33.678746,1600,1277.195635
-33.111868,1600,1278.179172
-40.877736,1600,1279.053515
-104.137351,436,1280.344438
-97.634408,310,1280.556453
-90.568494,267,1281.041337
-28.522101,1600,1281.892159
-19.828874,1600,1282.740811
-2.256412,1600,1283.626354
-37.068322,1600,1284.539428
-94.894489,276,1284.725197
-39.496006,1600,1287.112818
-41.832508,1600,1287.926494
-87.626855,206,1288.034051
-56.626935,1600,1288.896501
-20.432042,1600,1289.728838
-91.566749,223,1289.987263
-89.631271,181,1290.165574
-96.804999,310,1290.378357
-20.28671,1600,1291.615517
-50.413109,1600,1292.426581
-87.647649,198,1292.538238
-24.144893,1600,1293.427378
-29.289667,1600,1294.279702
-34.947026,1600,1296.890704
-87.516151,206,1297.004363
-37.397107,1600,1297.919322
-24.942639,1600,1298.77414
-44.717865,1600,1299.664325
-16.214859,1600,1301.587841
-87.878793,217,1301.706603
-88.380159,216,1301.849
-40.606407,1600,1302.702504
-35.381814,1600,1303.58128
-97.520254,326,1304.691367
-91.188176,186,1304.853182
-44.175758,1600,1306.200788
-89.661221,238,1306.32593
-13.024645,1600,1307.23727
-89.385594,210,1307.347052
-12.312547,1600,1308.185673
-102.302852,398,1308.450159
-88.21625,218,1310.129216
-29.803517,1600,1311.336297
-32.139289,1600,1312.287409
-26.940581,1600,1313.188931
-33.64431,1600,1314.007171
-89.402909,231,1314.967466
-40.466937,1600,1315.857673
-29.983778,1600,1316.67704
-32.461704,1600,1317.565954
-44.970445,1600,1318.387831
-95.410007,291,1318.584651
-45.235389,1600,1320.94622
-88.63103,233,1321.06627
-27.533662,1600,1322.077611
-45.416815,1600,1322.930797
-39.788929,1600,1323.747981
-32.223518,1600,1326.313385
-88.140426,182,1326.439323
-28.079448,1600,1327.287683
-87.523098,189,1327.394591
-37.918698,1600,1328.218226
-101.20562,414,1328.504967
-17.408989,1600,1330.016071
-38.966747,1600,1330.910738
-21.191501,1600,1331.73672
-56.633123,1600,1332.664172
-87.005166,185,1332.756895
-93.626077,352,1334.75651
-32.241922,1600,1335.63003
-87.830386,220,1335.765144
-90.35355,234,1335.899258
-26.864981,1600,1336.704244
-88.787786,241,1337.720461
-88.420363,204,1337.853066
-16.282489,1600,1338.767629
-42.546232,1600,1339.645949
-9.162914,1600,1340.620299
-37.609938,1600,1343.370738
-15.422695,1600,1344.304878
-97.746784,644,1344.641052
-47.456836,1600,1345.471002
-14.838377,1600,1346.300478
-96.528487,280,1346.514038
-20.837358,1600,1348.905023
-87.936832,224,1349.017716
-25.507312,1600,1349.863389
-27.60973,1600,1350.660896
-93.976413,370,1350.897921
3.593139,1600,1352.620448
-88.717829,243,1352.819043
-17.211045,1600,1353.73083
-30.629409,1600,1354.56256
-29.467381,1600,1355.467279
-6.30579,1600,1358.16406
-37.66403,1600,1358.98239
-36.189767,1600,1359.834605
-7.262401,1600,1360.658465
-22.134379,1600,1361.558636
-88.886915,215,1362.565671
-26.22945,1600,1363.608042
-15.917298,1600,1364.509946
-32.170012,1600,1365.392693
-13.181498,1600,1366.265473
11.485338,1600,1368.961123
-26.274927,1600,1369.795603
-21.594683,1600,1370.599685
-88.143153,205,1370.728593
-28.650376,1600,1371.612335
-24.45138,1600,1374.322257
-11.353489,1600,1375.207569
-87.595348,212,1375.318403
-42.308832,1600,1376.143642
-11.593181,1600,1376.986075
-24.701661,1600,1378.656767
-27.546142,1600,1379.484517
-26.035834,1600,1380.375277
-88.173374,220,1380.498781
-35.994247,1600,1381.325458
-32.097463,1600,1383.905291
-26.067018,1600,1384.874386
-74.65636,506,1385.123621
-23.962223,1600,1385.987735
-87.457762,200,1386.099718
-132.723031,1193,1386.925227
-88.693066,231,1387.083139
-88.558088,236,1387.21469
4.244655,1600,1388.078342
-26.178291,1600,1388.965008
-23.303296,1600,1389.806466
-89.217718,162,1390.8485
-93.623956,263,1391.012637
-92.704178,245,1391.179579
-87.726117,211,1391.661218
-22.748253,1600,1392.503732
-13.661303,1600,1393.344791
-87.563902,210,1393.464265
-36.388607,1600,1394.288951
-38.951378,1600,1396.989628
-41.223438,1600,1397.819641
-88.146859,192,1397.912455
-86.868146,204,1398.01881
-24.443722,1600,1398.860558
-2.945918,1600,1400.590932
-93.739254,827,1401.01112
-87.745734,188,1401.108126
-29.938158,1600,1401.963593
-87.390769,217,1402.080277
-38.086676,1600,1404.687461
-25.843468,1600,1405.655398
-1.930955,1600,1406.526652
-42.022167,1600,1407.572465
-91.813746,813,1408.003541
-19.787526,1600,1410.57314
-6.151089,1600,1411.420705
21.291337,1600,1412.256534
-34.947652,1600,1413.105069
-28.369121,1600,1413.968214
-98.524484,326,1414.199264
-94.089995,259,1414.37317
-31.688503,1600,1415.88748
-87.168378,214,1415.9963
-37.787863,1600,1416.927041
-35.391296,1600,1417.855154
-23.982101,1600,1418.670531
-91.363415,218,1418.847539
-88.593899,193,1420.521407
-7.216312,1600,1421.393748
-105.223123,248,1421.519151
-34.780464,1600,1422.404631
-29.644666,1600,1423.230346
-87.467444,211,1424.205523
-30.580583,1600,1425.052277
-30.938916,1600,1425.946915
-87.930536,226,1426.124475
-21.020368,1600,1427.010822
-11.495208,1600,1429.610946
-87.575241,184,1429.717349
-37.617155,1600,1430.542693
-30.624887,1600,1431.403169
-87.57683,163,1431.502556
-6.577643,1600,1434.059178
-48.469051,1600,1434.894181
-87.0132,212,1435.028381
-35.81801,1600,1435.892431
-87.627651,233,1436.027172
-19.644824,1600,1437.728535
-28.238041,1600,1438.74156
-35.386446,1600,1439.588313
-28.566701,1600,1440.477046
-39.880003,1600,1441.281555
-98.285009,342,1441.518599
-10.319065,1600,1444.055861
-72.934195,1101,1444.61869
-22.259844,1600,1445.509292
11.078884,1600,1446.44517
-18.685876,1600,1447.334286
-31.127378,1600,1449.064305
-11.398422,1600,1449.865431
-17.791812,1600,1450.715425
-20.98556,1600,1451.562889
-87.447382,190,1451.661358
-28.442062,1600,1454.22689
-10.006391,1600,1455.117378
-85.435298,530,1455.389176
-20.416017,1600,1456.224085
-26.606821,1600,1457.201696
-107.227527,562,1457.597456
-87.545288,222,1459.092577
-40.595551,1600,1459.99051
-32.340347,1600,1460.930871
-88.402235,240,1461.114186
-39.163435,1600,1462.15077
-94.619965,282,1462.372445
-31.690389,1600,1464.048326
-88.510084,690,1464.457356
-12.650823,1600,1465.35072
3.623445,1600,1466.268086
-87.65009,227,1466.386361
-116.051392,1263,1468.922418
-87.254429,174,1469.024034
-40.037237,1600,1469.865394
-88.028384,227,1469.983909
-38.050698,1600,1470.823783
-67.945952,718,1472.067921
-89.157188,213,1472.198341
-8.296495,1600,1473.088253
-21.378121,1600,1473.974881
-90.672926,279,1474.129383
-33.03846,1600,1476.88567
-100.548866,201,1476.995531
-36.261333,1600,1478.080266
-8.875459,1600,1478.884601
-27.242582,1600,1479.760842
-91.866658,209,1479.899793
-109.881612,48,1479.93138
-116.858662,91,1479.986654
-100.274087,191,1481.622778
-21.56152,1600,1482.513095
-0.062939,1600,1483.372876
-98.807219,152,1483.450868
-103.139334,147,1483.520836
-100.302596,192,1484.501689
-29.04351,1600,1485.354302
-21.465387,1600,1486.236047
-33.686662,1600,1487.027438
-106.538619,147,1487.113121
-87.265454,164,1489.097789
9.368667,1600,1489.969779
-99.101495,166,1490.05132
-40.420598,1600,1490.950594
-101.701797,211,1491.055287
-105.56004,83,1491.115018
-94.690536,288,1491.335852
-111.075871,53,1491.368886
-102.793297,173,1492.833947
-103.073679,178,1492.929688
-107.660658,153,1493.017514
-105.888187,148,1493.099988
-108.641505,148,1493.180651
-89.270167,206,1493.351418
-113.021743,116,1493.419052
-89.664348,189,1493.543835
-90.557204,196,1493.671362
-91.396106,204,1493.811602
-108.58749,146,1494.118403
-103.309364,204,1494.217298
-93.152851,338,1494.415679
-107.634586,149,1494.498526
-108.137623,146,1494.585425
-102.860229,144,1496.369631
-28.401675,1600,1497.25298
-0.99223,1600,1498.114272
-104.145073,144,1498.190602
-102.374437,159,1498.27734
-102.81005,192,1499.387094
-27.524624,1600,1500.217488
-104.730133,267,1500.373433
-102.692871,140,1500.43766
-102.569631,185,1500.530318
-115.283261,100,1500.594436
-106.580334,546,1501.830438
-107.000226,546,1502.162556
-15.836294,1600,1503.050754
-26.914558,1600,1503.915718
-93.338734,351,1504.097668
-20.898423,1600,1504.915477
-21.24665,1600,1505.760061
-95.678046,278,1505.965042
-92.78357,259,1506.161579
-12.319426,1600,1508.42961
-26.053878,1600,1509.506563
-29.713223,1600,1510.338372
-38.917613,1600,1511.202768
-30.139016,1600,1512.033045
-90.940541,276,1513.044298
-24.477166,1600,1513.950552
-26.175855,1600,1515.201043
-28.349135,1600,1516.125381
-20.948979,1600,1516.944611
-22.704905,1600,1519.712374
-32.046936,1600,1520.595126
-31.236588,1600,1521.415258
-25.666161,1600,1522.368352
-32.073839,1600,1523.283173
-10.689999,1600,1525.012734
-11.433829,1600,1525.843368
-25.187057,1600,1526.712695
-26.344415,1600,1527.574452
-16.17469,1600,1528.380634
-45.55225,1600,1531.118558
-33.20662,1600,1531.953242
-14.286984,1600,1532.780403
-42.37793,1600,1533.640151
-42.888142,1600,1534.409703
-95.998106,313,1534.629355
-117.308448,88,1534.688756
-87.80132,244,1536.258825
-34.484355,1600,1537.090961
-29.014383,1600,1537.893477
-47.847161,1600,1538.739866
-45.149243,1600,1539.563338
-40.726857,1600,1541.392767
-40.303652,1600,1542.216486
1.663409,1600,1543.067986
-43.444569,1600,1543.924105
-34.519789,1600,1544.755264
-41.782529,1600,1547.3083
-35.848379,1600,1548.120822
-45.816502,1600,1548.951701
-42.198258,1600,1549.754256
-51.509819,1600,1550.730032
-52.654954,1600,1552.5328
-88.086625,226,1552.678999
-46.782355,1600,1553.488802
-35.235963,1600,1554.327585
-46.071774,1600,1555.180871
-57.133539,1600,1557.743164
-87.464283,234,1557.862641
-54.741222,1600,1558.670867
-49.769082,1600,1559.734354
-54.74682,1600,1560.526546
-31.554565,1600,1563.216009
-58.579966,1600,1564.050401
-56.976747,1600,1564.857983
-51.589912,1600,1565.63922
-55.221956,1600,1566.501257
-24.274209,1600,1568.232605
-60.957164,1600,1569.044259
-56.765402,1600,1569.871615
-41.212496,1600,1570.726794
-23.672966,1600,1571.593209
-97.729932,486,1573.718558
-39.674758,1600,1574.560945
-32.443205,1600,1575.420645
-51.782462,1600,1576.239533
-26.176965,1600,1577.156582
-42.95252,1600,1578.789174
-58.026327,1600,1579.649276
-25.044183,1600,1580.51679
-21.523119,1600,1581.493552
-55.65684,1600,1582.369713
-32.833311,1600,1585.040473
-66.699474,1600,1585.841604
-87.980841,241,1585.98858
-22.036429,1600,1586.861096
-56.560881,1600,1587.703539
-91.339567,224,1587.842713
-45.932883,1600,1590.288765
-53.238948,1600,1591.109061
-27.056013,1600,1591.996262
-41.530859,1600,1592.991453
-26.328556,1600,1593.949806
-57.581686,1600,1595.625974
-18.204478,1600,1596.504451
-26.78985,1600,1597.390769
-88.279202,232,1597.521059
-53.656098,1600,1598.352554
-28.432839,1600,1601.139341
-58.531416,1600,1602.015476
-34.315213,1600,1602.843113
-50.553415,1600,1603.925245
-49.96127,1600,1604.764125
-32.085583,1600,1607.356549
-29.879585,1600,1608.322606
-60.004939,1600,1609.184717
-88.805193,218,1609.299181
-16.900982,1600,1610.355199
-6.464007,1600,1612.053444
-25.758327,1600,1612.950193
-88.482063,236,1613.099138
-39.626663,1600,1614.09778
-31.796925,1600,1614.964996
14.964879,1600,1617.584451
-30.025468,1600,1618.414616
-89.113486,222,1618.541513
-18.284156,1600,1619.454084
-59.795208,1600,1620.286779
-47.90518,1600,1622.072885
-89.657441,251,1622.200583
-51.524635,1600,1622.985879
-55.512671,1600,1623.82089
-53.200672,1600,1624.79876
-11.826662,1600,1627.351453
-23.674663,1600,1628.244797
-22.766981,1600,1629.033554
-31.770536,1600,1629.863563
-89.61741,232,1629.990587
-95.947709,310,1630.229177
-91.917336,229,1630.402748
-22.428074,1600,1632.645561
-34.689352,1600,1633.466436
-31.10858,1600,1634.280275
-19.932175,1600,1635.301286
-43.301216,1600,1636.10543
-37.122547,1600,1637.800553
-89.029389,262,1637.931241
-89.219011,269,1638.068652
-57.704237,1600,1638.904489
-5.449699,1600,1639.767761
-91.648976,211,1639.915567
-23.604571,1600,1642.657005
-23.983471,1600,1643.511591
-35.297494,1600,1644.35982
-49.268132,1600,1645.312389
-37.849582,1600,1646.150411
-89.698366,277,1647.16274
-23.496422,1600,1648.00033
-33.099213,1600,1648.831507
-31.439948,1600,1649.803544
-34.036389,1600,1650.717986
-43.899116,1600,1653.294849
-18.643584,1600,1654.109019
-21.014014,1600,1654.985364
-53.280071,1600,1655.94178
-95.358341,428,1656.173792
-47.784468,1600,1658.76315
-27.695034,1600,1659.66392
-19.888415,1600,1660.513798
-48.644204,1600,1661.421299
-49.219129,1600,1662.2191
-98.092059,342,1662.496977
-12.442442,1600,1663.951551
-97.626756,483,1664.210958
-34.990824,1600,1665.041375
-59.323655,1600,1665.90033
-49.229057,1600,1666.856406
-51.145068,1600,1669.553908
-53.638363,1600,1670.462515
-129.061667,149,1670.532913
-128.939564,178,1670.620984
-128.070709,161,1670.708102
-129.089589,164,1671.64567
-48.821912,1600,1672.509559
-51.194945,1600,1673.329645
-52.005913,1600,1674.133169
-128.24701,158,1674.2193
-67.300691,1600,1676.997619
-38.199517,1600,1677.829211
-63.282659,1600,1678.645612
-19.662974,1600,1679.517512
-89.119102,259,1679.647688
-41.633536,1600,1682.160739
-47.869607,1600,1683.04566
-17.116708,1600,1683.930422
-8.015815,1600,1684.768546
-37.970227,1600,1685.664145
-92.714929,267,1685.870902
-98.780998,379,1686.120802
-93.554455,266,1686.305651
-35.558574,1600,1687.55479
-27.365583,1600,1688.440263
-28.120217,1600,1689.244065
-25.676339,1600,1690.048663
-23.949171,1600,1690.931449
-89.110548,248,1692.815456
-96.180332,422,1693.039755
4.768687,1600,1693.940125
-22.383304,1600,1694.817041
-48.823036,1600,1695.643734
-91.725394,203,1695.779439
-22.369596,1600,1698.38821
-29.216795,1600,1699.238128
-21.922276,1600,1700.059517
-21.902794,1600,1700.897133
-41.483561,1600,1701.744319
-94.581532,389,1702.813655
-89.037109,253,1702.948895
-21.42512,1600,1703.832505
-24.018095,1600,1704.677
-29.070492,1600,1705.472802
-97.982337,366,1705.764048
-93.456189,280,1705.942591
-104.299682,158,1706.91803
-89.683936,208,1707.058656
-122.322256,98,1707.129744
-26.511097,1600,1708.225786
-44.567928,1600,1709.024475
-88.597873,246,1709.153977
-103.217503,624,1709.488821
-89.718611,288,1709.661103
-53.44019,1600,1711.320514
-89.160063,239,1711.451753
-29.571085,1600,1712.258584
-9.752063,1600,1713.159702
-35.350259,1600,1713.985456
-51.315082,1600,1716.557416
-87.258323,188,1716.684737
-29.042322,1600,1717.509198
-16.142743,1600,1718.490763
-41.853889,1600,1719.355871
-21.340626,1600,1722.056287
-0.817593,1600,1722.893861
-19.180402,1600,1723.806669
-23.202651,1600,1724.659706
-14.214304,1600,1725.525944
-86.929498,175,1726.510625
-88.908104,245,1726.651775
-17.078366,1600,1727.505598
-7.734336,1600,1728.388618
-39.968834,1600,1729.356844
-95.755159,315,1729.563077
-63.752476,1600,1731.922616
-54.004523,1600,1732.737521
-55.910407,1600,1733.571845
-36.913304,1600,1734.413864
-55.62536,1600,1735.274319
-93.967468,289,1735.462682
-95.528864,345,1735.706727
-61.40915,1600,1736.978378
-65.577118,1600,1737.818528
-62.536896,1600,1738.625521
-54.683607,1600,1739.599543
-54.004142,1600,1740.509051
-54.363689,1600,1743.123185
-64.101362,1600,1743.94345
-54.460724,1600,1744.78118
-67.23572,1600,1745.624582
-63.831427,1600,1746.41859
-55.877272,1600,1748.977247
-57.699276,1600,1749.959265
-70.820351,1600,1750.818841
-70.651763,1600,1751.619433
-74.283771,1600,1752.477613
-114.806657,100,1752.546288
-56.941486,1600,1754.169907
-57.571636,1600,1755.053732
-71.06001,1600,1755.905763
-52.485926,1600,1756.716012
-36.64824,1600,1757.60882
-52.731151,1600,1760.290339
-58.171067,1600,1761.141762
-37.561465,1600,1761.953347
-49.463743,1600,1762.754952
-53.501112,1600,1763.710054
-60.493491,1600,1765.47483
-60.752346,1600,1766.311536
-54.724112,1600,1767.113216
-61.248825,1600,1767.9559
-63.101702,1600,1768.725923
-95.521287,320,1769.799093
-56.310288,1600,1771.397176
-62.616593,1600,1772.293944
-22.892872,1600,1773.1365
-48.017818,1600,1773.990975
-57.801524,1600,1774.835179
-53.411475,1600,1777.462568
-53.663132,1600,1778.311645
-53.201652,1600,1779.180734
-48.947818,1600,1780.052578
-49.334296,1600,1780.906407
-56.034227,1600,1782.749058
-49.808189,1600,1783.587536
-53.742092,1600,1784.408163
-51.789165,1600,1785.218684
-53.107722,1600,1786.079219
-25.45697,1600,1788.720055
-59.343383,1600,1789.519705
-50.514482,1600,1790.378193
-38.876714,1600,1791.245666
-39.41898,1600,1792.283059
-83.570407,471,1792.598292
-35.821519,1600,1794.870914
-35.807557,1600,1795.709836
-37.218479,1600,1796.528464
-29.003865,1600,1797.349189
-28.905267,1600,1798.171328
-46.504604,1600,1799.837222
-54.791095,1600,1800.684252
-34.527706,1600,1801.545645
-34.568087,1600,1802.496489
-50.600228,1600,1803.329859
-106.333566,525,1803.702748
-52.967522,1600,1805.887772
-46.392569,1600,1806.744985
-35.127908,1600,1807.565684
-54.545056,1600,1808.421253
-33.087488,1600,1809.275001
-55.43734,1600,1811.000854
-53.341187,1600,1811.828085
-47.821624,1600,1812.831121
-56.346666,1600,1813.656014
-45.935023,1600,1814.509205
-56.065814,1600,1817.674553
-56.435029,1600,1818.488007
-59.192974,1600,1819.355789
-37.527107,1600,1820.143422
-56.608756,1600,1820.974989
-54.235175,1600,1823.677069
-54.160137,1600,1824.523353
-49.10022,1600,1825.363123
-48.222179,1600,1826.226312
-56.591614,1600,1827.029336
-56.414236,1600,1828.756782
-56.982891,1600,1829.572567
-53.525136,1600,1830.433205
-53.645887,1600,1831.214912
-29.281415,1600,1832.101366
-97.321518,335,1832.331398
-120.633543,103,1832.403076
-55.115609,1600,1834.831109
-53.618714,1600,1835.665801
-53.465959,1600,1836.600044
-54.266527,1600,1837.414037
-35.535572,1600,1838.297278
-56.899064,1600,1840.059941
-55.226514,1600,1840.877923
-35.194793,1600,1841.753672
-56.611765,1600,1842.614353
-39.728897,1600,1843.51085
-56.115199,1600,1846.160964
-55.779976,1600,1846.946841
-57.236691,1600,1847.779632
-58.803244,1600,1848.58129
-55.984432,1600,1849.391083
-103.400224,465,1849.702658
-33.202841,1600,1851.923655
-34.678888,1600,1852.74597
-59.800365,1600,1853.56795
-56.260543,1600,1854.517054
-32.7945,1600,1855.370316
-39.435244,1600,1857.011061
-56.403291,1600,1857.833608
-59.076225,1600,1858.644805
-58.508706,1600,1859.478431
-50.878968,1600,1860.438781
-54.418371,1600,1863.134193
-53.922906,1600,1863.946221
-56.243214,1600,1864.887118
-55.564288,1600,1865.698649
-55.511134,1600,1866.515408
-55.13926,1600,1868.201933
-31.822674,1600,1869.038032
-55.695355,1600,1869.894797
-53.864116,1600,1870.721766
-47.538336,1600,1871.601308
-55.677053,1600,1874.1847
-44.815232,1600,1875.120222
-52.042688,1600,1875.991542
-54.229016,1600,1876.854234
-42.347987,1600,1877.684562
-94.597368,311,1877.90182
-54.77469,1600,1880.260417
-54.51508,1600,1881.118976
-54.868013,1600,1881.919146
-50.884689,1600,1882.746667
-55.09148,1600,1883.590642
-27.338624,1600,1885.274188
-35.559882,1600,1886.197177
-50.685231,1600,1887.020684
-54.998808,1600,1887.875748
-51.275646,1600,1888.689034
-51.001319,1600,1891.204532
-53.364609,1600,1892.049921
-50.478758,1600,1892.885762
-52.824749,1600,1893.712589
-51.146227,1600,1894.547862
-51.504491,1600,1896.460273
-54.835024,1600,1897.267637
-53.306817,1600,1898.089025
-51.238647,1600,1898.986556
-51.069556,1600,1899.812685
-49.329197,1600,1902.359385
-36.287553,1600,1903.239509
-31.923957,1600,1904.082617
-33.64191,1600,1904.908428
-48.660903,1600,1905.767091
-94.911449,1144,1907.571203
-50.146728,1600,1908.497472
-46.710201,1600,1909.345896
-51.484075,1600,1910.356531
-47.258498,1600,1911.214839
-50.908566,1600,1912.079847
-47.589291,1600,1913.780612
-35.579763,1600,1914.670986
-47.437174,1600,1915.606686
-47.673556,1600,1916.442671
-47.377941,1600,1917.403332
-27.155684,1600,1920.019413
-27.029367,1600,1920.854755
-35.636793,1600,1921.666291
-49.60209,1600,1922.479882
-34.388647,1600,1923.296875
-21.447668,1600,1925.876629
-27.173125,1600,1926.65087
-30.924258,1600,1927.649822
-45.211409,1600,1928.461452
-45.294251,1600,1929.278785
-46.085548,1600,1931.037077
-30.573821,1600,1931.881163
-45.581522,1600,1932.705782
-45.121536,1600,1933.510865
-35.925306,1600,1934.411379
-85.105315,949,1935.902038
-28.337118,1600,1936.962814
-32.839038,1600,1937.887929
-34.99415,1600,1938.697075
-38.34086,1600,1939.506673
-46.381932,1600,1940.312695
-46.910403,1600,1942.018843
-44.362374,1600,1942.86358
-46.267675,1600,1943.692749
-39.820011,1600,1944.542866
-31.431075,1600,1945.421926
-44.923665,1600,1947.922597
-44.991868,1600,1948.850053
-44.809465,1600,1949.709294
-46.645435,1600,1950.552902
-47.319768,1600,1951.360928
-47.495337,1600,1953.933667
-44.504089,1600,1954.756551
-47.60589,1600,1955.602852
-30.014968,1600,1956.460276
-46.857027,1600,1957.320501
-92.322247,259,1957.494826
-115.919783,133,1957.584581
-47.123393,1600,1959.163666
-45.211478,1600,1959.995708
-29.619891,1600,1960.987872
-47.38898,1600,1961.817381
-41.078196,1600,1962.611441
-28.978757,1600,1965.201946
-38.619718,1600,1966.006638
-47.027054,1600,1966.814933
-33.227363,1600,1967.699852
-37.428731,1600,1968.55612
-15.632189,1600,1970.392664
-27.643229,1600,1971.178872
-35.269896,1600,1972.022734
-38.518991,1600,1972.800708
-38.679429,1600,1973.660676
-48.493478,1600,1976.23973
-41.440908,1600,1977.06061
-40.549752,1600,1977.890169
-49.484478,1600,1978.721776
-13.383068,1600,1979.677173
-92.915802,239,1979.85081
-48.833095,1600,1982.221262
-51.223271,1600,1983.064645
-50.857125,1600,1983.871539
-51.174764,1600,1984.704306
-49.432236,1600,1985.54197
-98.256795,370,1985.782023
-114.115526,71,1985.829315
-50.014038,1600,1987.266167
-42.646157,1600,1988.161812
-48.760493,1600,1988.919234
-48.712997,1600,1989.780967
-40.954774,1600,1990.729147
-113.270386,66,1990.795998
-119.305778,116,1990.888272
-34.431502,1600,1993.321322
-26.865291,1600,1994.173454
-19.962314,1600,1995.054723
-46.574803,1600,1995.871044
-50.4736,1600,1996.71393
-47.451739,1600,1998.374393
-50.228375,1600,1999.191811
-20.837636,1600,1999.99774
-87.663476,222,2000.148687
-49.77218,1600,2001.114074
-80.62242,979,2002.609965
-91.827343,219,2002.768847
-13.574592,1600,2003.791474
-28.993205,1600,2004.674073
-24.568072,1600,2005.535969
-24.040069,1600,2006.386543
-28.973035,1600,2007.268508
-112.977557,134,2007.353702
-46.515436,1600,2009.819834
-7.541457,1600,2010.641139
-12.477567,1600,2011.713063
-11.206617,1600,2012.668421
-25.215555,1600,2013.546543
-27.214849,1600,2015.320371
-48.433494,1600,2016.184868
-28.727294,1600,2016.977481
-26.836759,1600,2017.790749
-87.98968,210,2017.896494
-27.403223,1600,2020.434762
-23.814799,1600,2021.509954
-48.198831,1600,2022.323476
-28.286383,1600,2023.20314
-25.124326,1600,2024.018719
-97.090268,348,2024.274459
-73.058639,467,2025.960865
-26.95356,1600,2026.825275
-24.80008,1600,2027.724789
-37.033126,1600,2028.535123
-11.183403,1600,2029.443391
-97.808971,379,2029.698539
-117.531863,766,2030.22073
-28.134345,1600,2031.08569
16.065602,1600,2032.068154
-17.64123,1600,2032.888818
-88.543419,180,2032.980735
-9.919667,1600,2033.917108
-92.10377,251,2034.083773
-25.379102,1600,2036.509511
-31.681829,1600,2037.344035
-27.630972,1600,2038.191941
-23.146669,1600,2039.071503
-27.241951,1600,2039.903867
-27.968157,1600,2041.635446
-24.651133,1600,2042.57666
-30.118145,1600,2043.421802
-39.158849,1600,2044.227626
-27.732607,1600,2045.097182
-83.538855,1004,2046.626235
-28.705465,1600,2047.631571
-32.208339,1600,2048.462835
-29.568849,1600,2049.290873
-20.240007,1600,2050.134452
-11.124322,1600,2051.090078
-89.309744,198,2051.214983
-28.770708,1600,2053.798278
-42.58542,1600,2054.638461
-42.717349,1600,2055.462335
-51.875647,1600,2056.296017
-23.499634,1600,2057.117577
-31.914719,1600,2058.797209
-12.100044,1600,2059.62001
-32.358723,1600,2060.47916
-26.544031,1600,2061.273288
-43.374409,1600,2062.241478
-42.173921,1600,2064.955472
-13.361742,1600,2065.783273
-27.635032,1600,2066.612036
-34.986441,1600,2067.438863
-37.741018,1600,2068.275254
-117.838496,159,2068.389439
-51.784754,1600,2069.948186
-26.965132,1600,2070.816586
-52.861659,1600,2071.785355
-52.877936,1600,2072.625336
-30.137437,1600,2073.591913
-120.281073,857,2075.130604
-41.125656,1600,2076.269951
-7.580321,1600,2077.202118
-23.90518,1600,2078.034512
-40.923019,1600,2078.861611
-24.360881,1600,2079.705858
-94.356378,286,2079.89518
-40.352415,1600,2082.284936
-51.697699,1600,2083.117765
-22.87649,1600,2083.982684
10.263978,1600,2084.871551
-34.727551,1600,2085.731949
-23.372197,1600,2087.400105
-25.900272,1600,2088.24045
-23.632461,1600,2089.088606
-24.903804,1600,2089.913043
-26.188269,1600,2090.718953
-89.125995,252,2092.580768
-27.303239,1600,2093.381534
-26.100434,1600,2094.393486
-26.181219,1600,2095.236679
-39.105384,1600,2096.097205
-25.44045,1600,2097.862095
-25.265877,1600,2098.72821
-26.103971,1600,2099.586555
-25.441661,1600,2100.443768
-43.87699,1600,2101.287246
-41.71894,1600,2103.829883
-57.100041,1600,2104.80158
-54.04294,1600,2105.597784
-37.588478,1600,2106.62116
-31.677124,1600,2107.496058
-33.003312,1600,2110.074877
-46.750425,1600,2110.929837
-42.802214,1600,2111.792905
-59.307888,1600,2112.597884
-56.223389,1600,2113.420999
-55.58759,1600,2115.255265
-40.013386,1600,2116.166835
-46.798804,1600,2117.110646
-26.925005,1600,2118.379833
-26.095454,1600,2119.210907
-48.921168,1600,2121.750521
-38.776255,1600,2122.62304
-51.266072,1600,2123.474
-30.480816,1600,2124.288531
-43.838486,1600,2125.207308
-44.496218,1600,2127.859906
-33.265787,1600,2128.722781
-36.776268,1600,2129.659053
-47.318018,1600,2130.570065
-51.017196,1600,2131.464777
-117.735484,91,2131.531419
-56.994587,1600,2133.165549
-50.101045,1600,2134.036238
-58.958354,1600,2134.893435
-56.730488,1600,2135.925946
-54.518813,1600,2136.819241
-35.179834,1600,2139.367677
-57.518671,1600,2140.203487
-33.692593,1600,2141.058901
-27.09267,1600,2141.906789
-48.875126,1600,2142.725507
-58.236284,1600,2144.606316
-58.979555,1600,2145.427389
-57.342667,1600,2146.475618
-55.589295,1600,2147.308971
-49.017702,1600,2148.135416
-111.17064,59,2148.174804
-55.57633,1600,2150.680223
-56.254174,1600,2151.544899
-52.284203,1600,2152.363621
-39.333739,1600,2153.212063
-48.47742,1600,2154.046725
-46.267932,1600,2156.758356
-47.713934,1600,2157.5968
-38.966813,1600,2158.455046
-32.561918,1600,2159.289866
-38.225163,1600,2160.088113
-114.498456,85,2160.168303
-45.100741,1600,2161.775939
-52.765717,1600,2162.629313
-50.088074,1600,2163.446687
-42.52762,1600,2164.283165
-54.358101,1600,2165.142105
-115.203978,718,2166.552892
-39.191837,1600,2167.887269
-43.828425,1600,2168.697575
-39.655298,1600,2169.573145
-57.691892,1600,2170.414883
-47.392636,1600,2171.337216
-85.335701,904,2172.007367
-57.965238,1600,2173.136955
-48.354804,1600,2174.021071
-40.655767,1600,2174.856002
-42.93616,1600,2175.683549
-39.638094,1600,2176.523969
-102.105717,429,2177.870084
-90.769361,231,2178.040551
-98.112086,370,2178.271169
-51.893318,1600,2179.266116
-39.554939,1600,2180.111464
-31.638215,1600,2181.088217
-40.001165,1600,2181.917372
-32.612907,1600,2182.737105
-102.721664,475,2183.081931
-51.953881,1600,2185.30971
-38.227552,1600,2186.171253
-27.206956,1600,2186.993441
-32.04417,1600,2187.847644
-52.67741,1600,2188.801116
-38.187296,1600,2190.497967
-53.049687,1600,2191.341058
-49.374223,1600,2192.144866
-48.212588,1600,2192.955299
-32.119176,1600,2193.76906
-85.047406,838,2195.244424
-52.701954,1600,2196.358655
-52.576648,1600,2197.190107
-48.743347,1600,2198.009178
-27.576641,1600,2198.975728
-38.97384,1600,2199.803309
-37.849812,1600,2201.527622
-34.502003,1600,2202.368933
-50.790611,1600,2203.213311
-38.737964,1600,2204.056167
-47.79303,1600,2204.873927
-26.4875,1600,2207.435629
-37.035072,1600,2208.226175
-39.687846,1600,2209.16696
-36.95824,1600,2210.012787
-45.998216,1600,2210.957238
-18.739876,1600,2213.683111
-32.365764,1600,2214.50508
-22.380293,1600,2215.349408
-35.883817,1600,2216.213157
-31.996978,1600,2216.998659
-31.366544,1600,2218.683141
-22.764771,1600,2219.608792
-33.805222,1600,2220.439352
-30.647368,1600,2221.268903
-26.358421,1600,2222.090194
-68.991806,675,2223.436901
-32.468078,1600,2224.639055
-44.41461,1600,2225.445929
-36.45154,1600,2226.265408
-27.591518,1600,2227.083207
-35.153745,1600,2227.94788
-28.686399,1600,2230.635222
-38.412621,1600,2231.53313
-40.897751,1600,2232.387363
-27.514356,1600,2233.202057
-28.757875,1600,2234.033297
-125.240584,93,2234.097918
-30.029785,1600,2235.737931
-37.587905,1600,2236.544069
-25.67502,1600,2237.431154
-32.628706,1600,2238.225678
-41.951247,1600,2239.038824
-41.186775,1600,2241.743984
-47.267053,1600,2242.592842
-30.646197,1600,2243.469348
-31.683442,1600,2244.316994
-22.984856,1600,2245.188302
-100.290719,427,2245.551944
-31.035699,1600,2246.974939
-21.350254,1600,2247.939085
-43.929463,1600,2248.787561
-31.345301,1600,2249.622973
-34.197635,1600,2250.566546
-92.000581,219,2250.784945
-42.256181,1600,2253.202859
-33.002668,1600,2254.012773
-33.105658,1600,2254.895554
-42.316505,1600,2255.743322
-39.944073,1600,2256.567001
-30.225195,1600,2259.14019
-30.960316,1600,2260.067687
-30.737861,1600,2260.947369
-87.316106,207,2261.118904
-32.136961,1600,2261.988297
-36.259708,1600,2263.699603
-22.952313,1600,2264.60686
-31.040089,1600,2265.441255
-39.31936,1600,2266.274363
-30.060961,1600,2267.246275
-112.101911,65,2267.296224
-110.362541,60,2267.342824
-32.435997,1600,2270.182081
-45.697483,1600,2271.339692
-41.084597,1600,2272.349963
-31.406092,1600,2273.335759
-34.294147,1600,2274.235214
-43.474733,1600,2276.077052
-45.702112,1600,2276.897263
-41.548659,1600,2277.729584
-32.945181,1600,2278.530804
-40.793435,1600,2279.321272
-40.65922,1600,2282.333893
-36.048317,1600,2283.300168
-32.715992,1600,2284.107165
-44.320175,1600,2284.973311
-44.829469,1600,2285.794522
-113.132019,71,2285.840826
-42.341189,1600,2288.299166
-41.875684,1600,2289.144574
-43.262091,1600,2289.97185
-43.062102,1600,2290.813074
-43.847514,1600,2291.645906
-42.45312,1600,2293.525493
-44.408847,1600,2294.378775
-32.285659,1600,2295.214218
-41.870504,1600,2296.035228
-42.383147,1600,2296.866604
-42.418776,1600,2299.375073
-31.061459,1600,2300.227255
-43.679231,1600,2301.049034
-42.591756,1600,2301.931592
-42.250873,1600,2302.846599
-42.591052,1600,2304.726869
-42.592404,1600,2305.558766
-29.938094,1600,2306.374108
-42.430816,1600,2307.193825
-31.28306,1600,2308.010915
-44.796869,1600,2310.564804
-44.831699,1600,2311.408932
-42.520634,1600,2312.20945
-43.457607,1600,2313.12331
-42.532295,1600,2314.088006
-42.808247,1600,2316.686298
-44.732532,1600,2317.558101
-45.331075,1600,2318.41968
-44.983766,1600,2319.232994
-35.539492,1600,2320.075108
-116.670918,112,2320.147713
-110.949039,92,2320.225436
-37.597423,1600,2321.759491
-44.466563,1600,2322.649161
-44.768192,1600,2323.599642
-37.707788,1600,2324.545556
-44.709748,1600,2325.360256
-47.153924,1600,2327.960669
-27.968817,1600,2328.807475
-46.485505,1600,2329.655558
-32.893652,1600,2330.571427
-86.628452,186,2330.671653
-124.565884,954,2331.337662
-43.698537,1600,2332.361311
-31.712723,1600,2333.191771
-31.02872,1600,2334.160099
-44.361494,1600,2335.093122
-47.011088,1600,2335.967201
-101.917953,456,2337.191421
-19.8176,1600,2338.658753
-44.745805,1600,2339.478695
-20.085796,1600,2340.32964
-42.971914,1600,2341.163229
-4.566586,1600,2342.123574
-97.902572,369,2342.372001
-90.579459,216,2342.514418
-12.720511,1600,2344.707659
-86.78488,166,2344.844797
-31.55028,1600,2345.694425
-40.713961,1600,2346.541779
-22.127835,1600,2347.546503
-119.958248,242,2347.717322
-40.698196,1600,2349.245085
-43.065744,1600,2350.072275
-38.397564,1600,2350.970166
-44.417392,1600,2352.037237
-44.312095,1600,2353.187993
-35.876542,1600,2356.547716
-27.805224,1600,2357.559956
-41.511629,1600,2358.486524
-40.044033,1600,2359.380764
-39.092044,1600,2360.2252
-16.522233,1600,2362.998663
-33.872829,1600,2363.766818
-38.560484,1600,2364.647166
-37.955406,1600,2365.506464
-39.094872,1600,2366.457434
-28.66359,1600,2368.170898
-35.797781,1600,2368.958208
-27.181047,1600,2369.786775
-39.775956,1600,2370.615633
-28.036035,1600,2371.595011
-26.77016,1600,2374.21803
-38.610661,1600,2375.085403
-40.18844,1600,2375.981545
-38.50001,1600,2376.931682
-40.105678,1600,2377.887503
-37.650467,1600,2379.565907
-87.774755,207,2379.704162
-37.99835,1600,2380.550993
-27.205994,1600,2381.403284
-38.477781,1600,2382.255085
-25.563754,1600,2384.789155
-37.575131,1600,2385.652443
-35.896082,1600,2386.586502
-42.439889,1600,2387.455659
-88.89551,236,2387.578891
-99.77951,400,2387.831856
-92.582943,266,2388.007385
-27.794928,1600,2390.205462
-31.706175,1600,2391.010087
-34.924131,1600,2391.846463
-22.551529,1600,2392.677195
-31.91769,1600,2393.506102
-41.081562,1600,2395.160882
-88.093651,231,2395.316204
-33.076687,1600,2396.118268
-27.197703,1600,2396.946105
-26.572738,1600,2397.814314
-22.120467,1600,2400.37546
-38.080325,1600,2401.208132
-24.889111,1600,2402.045451
-43.883394,1600,2402.885245
-45.783977,1600,2403.712259
-34.349176,1600,2405.426196
-28.910772,1600,2406.291525
-36.954357,1600,2407.336562
-32.775082,1600,2408.131882
-24.561631,1600,2408.980514
-115.487067,75,2409.033679
-31.541277,1600,2411.59476
-36.793047,1600,2412.428732
-33.260719,1600,2413.265164
-33.033367,1600,2414.06612
-37.879327,1600,2414.876371
-38.376635,1600,2417.606386
-35.168192,1600,2418.647945
-21.633274,1600,2419.649106
-32.552025,1600,2420.56145
-26.932458,1600,2421.4084
-34.920491,1600,2423.108456
-87.27414,219,2423.232163
-22.200336,1600,2424.057473
-26.370682,1600,2424.909353
-46.607918,1600,2425.742082
-21.552013,1600,2428.484555
-28.434857,1600,2429.273394
-33.660711,1600,2430.079489
-38.315226,1600,2430.911694
-21.455399,1600,2431.726346
-33.401487,1600,2433.431521
-47.932744,1600,2434.278088
-45.416922,1600,2435.141966
-40.996528,1600,2435.935085
-86.619421,221,2436.090124
-33.400314,1600,2438.840418
-39.432804,1600,2439.695668
-34.637513,1600,2440.531009
-20.372808,1600,2441.406697
-35.038295,1600,2442.271271
-26.425029,1600,2444.842027
-33.228823,1600,2445.675917
-27.291267,1600,2446.581208
-28.105172,1600,2447.37531
-27.987991,1600,2448.259184
-87.463801,207,2449.416988
-17.883763,1600,2450.253809
-22.524241,1600,2451.207172
-20.478375,1600,2452.01906
-25.487806,1600,2452.876989
-109.157376,70,2452.92824
-89.968143,225,2453.074074
-32.219204,1600,2455.523786
-24.412596,1600,2456.330197
-23.402044,1600,2457.146397
-32.990546,1600,2457.958701
-37.899616,1600,2458.810407
-73.836339,801,2459.526665
-90.254693,236,2459.68854
-30.076089,1600,2461.558878
-46.41499,1600,2462.451531
-29.810107,1600,2463.2352
-42.379343,1600,2464.231568
-22.850031,1600,2465.481797
-97.247547,382,2465.879879
-90.218,243,2466.030079
-47.038562,1600,2467.336137
-39.225662,1600,2468.179014
-22.400799,1600,2469.020494
-29.107614,1600,2470.023809
-27.918473,1600,2470.935303
-89.916178,234,2471.101236
-88.653719,211,2471.250126
-45.764568,1600,2473.557371
-29.764298,1600,2474.350902
-45.486468,1600,2475.242389
-24.360213,1600,2476.114368
-43.653958,1600,2476.936722
-45.015589,1600,2478.651258
-43.356476,1600,2479.439486
-41.749418,1600,2480.398446
-46.462882,1600,2481.251933
-35.081589,1600,2482.107437
-25.327482,1600,2484.701097
-47.845607,1600,2485.487699
-34.27571,1600,2486.351257
-28.001547,1600,2487.140534
-43.906791,1600,2487.942165
-107.416978,570,2488.335209
-90.576121,221,2488.514633
-90.595179,234,2488.685697
-34.44647,1600,2490.516115
-32.283569,1600,2491.417204
-38.321022,1600,2492.238724
-33.795576,1600,2493.141573
-30.859492,1600,2494.006701
-35.983994,1600,2495.707634
-39.43406,1600,2496.553774
-34.252192,1600,2497.433022
-26.663742,1600,2498.256464
-24.596993,1600,2499.141924
-31.491118,1600,2501.906103
-33.331905,1600,2502.778807
-35.984371,1600,2503.624032
-30.694099,1600,2504.489061
-31.400119,1600,2505.350714
-111.58499,103,2505.421402
-32.988528,1600,2507.239411
-23.521827,1600,2508.047071
-47.772491,1600,2508.892418
-25.116503,1600,2509.759788
-32.747264,1600,2510.73307
-42.455245,1600,2513.666406
-28.404695,1600,2514.59801
-37.702164,1600,2515.409523
-29.466464,1600,2516.253218
-19.223221,1600,2517.137851
-47.729958,1600,2519.742062
-25.040738,1600,2520.585544
-21.352902,1600,2521.470874
-26.399646,1600,2522.384425
-46.404767,1600,2523.199121
-36.800188,1600,2524.883186
-33.824759,1600,2525.668301
-25.034088,1600,2526.50975
-35.937595,1600,2527.321767
-33.801898,1600,2528.272355
-31.697709,1600,2530.846657
-32.432667,1600,2531.668412
-31.996528,1600,2532.621313
-27.315552,1600,2533.488462
-24.390697,1600,2534.298066
-32.795957,1600,2536.028063
-30.263395,1600,2536.845558
-30.695266,1600,2537.67082
-21.370715,1600,2538.505596
-32.169191,1600,2539.327865
-27.114262,1600,2541.93891
-40.938429,1600,2542.914595
-28.408327,1600,2543.729624
-31.016384,1600,2544.59398
-24.238931,1600,2545.438114
-76.461308,541,2545.818798
-96.398337,383,2547.019455
-90.584877,260,2547.184216
-27.713893,1600,2548.095378
-30.251063,1600,2548.914342
-29.963389,1600,2549.719573
-38.060622,1600,2550.587705
-30.224434,1600,2551.411026
-29.967188,1600,2553.243208
-47.241571,1600,2554.051245
-35.426212,1600,2554.846233
-29.970819,1600,2555.713883
-46.046466,1600,2556.626183
-30.410012,1600,2559.16839
-30.740563,1600,2560.065693
-29.144949,1600,2560.91659
-27.543663,1600,2561.928503
-28.533373,1600,2562.776454
-30.508222,1600,2565.474387
-27.396049,1600,2566.320829
-27.393827,1600,2567.113152
-29.942871,1600,2567.930466
-27.407778,1600,2568.792327
-27.403864,1600,2570.455257
-28.027644,1600,2571.310242
-46.791921,1600,2572.167969
-27.468378,1600,2573.069097
-30.1369,1600,2574.013254
-22.427618,1600,2576.638285
-31.000612,1600,2577.478516
-22.768694,1600,2578.34315
-39.358428,1600,2579.271891
-20.290502,1600,2580.079079
-22.52988,1600,2581.786854
-22.064112,1600,2582.621688
-30.680041,1600,2583.456335
-31.305916,1600,2584.457573
-40.929741,1600,2585.307243
-47.311571,1600,2587.857188
-21.088393,1600,2588.698255
-37.498069,1600,2589.542514
-1.902032,1600,2590.402345
-33.991497,1600,2591.274612
-47.179987,1600,2593.815903
-28.366945,1600,2594.683869
-22.124741,1600,2595.63104
-23.980919,1600,2596.460579
-36.217015,1600,2597.323296
-102.968831,622,2597.758714
-32.848689,1600,2599.023306
-20.956609,1600,2599.871708
-39.152478,1600,2600.695072
-36.835601,1600,2601.517884
-33.76984,1600,2602.370957
-78.985397,649,2602.795108
-24.137111,1600,2604.939393
-23.484632,1600,2605.934659
-23.613913,1600,2606.778349
-29.642292,1600,2607.623653
-21.078633,1600,2608.503422
-28.843858,1600,2610.178351
-30.144589,1600,2611.043225
-30.083896,1600,2611.868346
-24.149706,1600,2612.713603
-29.835396,1600,2613.546839
-30.11064,1600,2616.371272
-28.087314,1600,2617.208263
-30.885913,1600,2618.010209
-32.190332,1600,2618.853453
-32.191551,1600,2619.723614
-29.000703,1600,2622.353958
-27.063294,1600,2623.217399
-27.135042,1600,2624.060225
-27.574618,1600,2624.87697
-22.690805,1600,2625.699943
-25.485238,1600,2627.536331
-29.005953,1600,2628.343215
-28.393622,1600,2629.315662
-27.495028,1600,2630.098498
-27.048612,1600,2630.952574
-39.370482,1600,2633.532345
-33.719848,1600,2634.336144
-29.615321,1600,2635.214338
-34.322282,1600,2636.044837
-32.693482,1600,2637.077431
-89.434267,200,2637.230858
-36.990253,963,2637.940784
-20.280243,1600,2638.871846
-25.413444,1600,2639.693508
-31.169016,1600,2640.577487
-28.983356,1600,2641.356529
-35.614458,1600,2642.21666
-70.745513,679,2643.619455
-20.843002,1600,2644.89189
-43.396079,1600,2645.744217
-41.860281,1600,2646.621443
-25.560459,1600,2647.559625
-26.65267,1600,2648.401319
-29.129036,1600,2651.087587
-29.276693,1600,2651.930882
-30.547233,1600,2652.775682
-40.864717,1600,2653.570555
-37.606564,1600,2654.42407
-29.589179,1600,2656.106453
-30.290246,1600,2656.970079
-32.842186,1600,2657.926658
-28.430224,1600,2658.727496
-37.451199,1600,2659.572327
-33.055781,1600,2662.386699
-22.258265,1600,2663.181179
-33.212788,1600,2664.007828
-30.347535,1600,2664.84222
-30.033774,1600,2665.609334
-44.555267,1600,2668.282209
-29.347469,1600,2669.102622
-28.19274,1600,2669.893337
-26.054983,1600,2670.718832
-31.580808,1600,2671.490013
-24.108572,1600,2673.151726
-24.457411,1600,2673.978024
-37.191633,1600,2674.843379
-33.675677,1600,2675.665951
-24.196251,1600,2676.546618
-43.280129,1600,2679.322404
-23.373048,1600,2680.122174
-33.178036,1600,2681.131808
-34.018639,1600,2681.963423
-45.511286,1600,2682.828758
-32.368656,1600,2684.455388
-32.667595,1600,2685.306118
-42.543202,1600,2686.131967
-29.616699,1600,2686.976568
-29.602627,1600,2687.783296
-29.420869,1600,2690.48067
-23.702184,1600,2691.300365
-46.998382,1600,2692.125688
-45.214486,1600,2692.975487
-46.407785,1600,2693.782532
-38.109218,1600,2696.315686
-47.536974,1600,2697.161781
-44.158492,1600,2698.100423
-26.966324,1600,2698.948434
-30.434822,1600,2699.870804
-99.343999,470,2700.170981
-38.634627,1600,2701.511318
-32.337444,1600,2702.331685
-40.410999,1600,2703.131802
-46.053409,1600,2704.033767
-48.596541,1600,2704.967369
-26.382611,1600,2707.547525
-48.200461,1600,2708.383278
-27.845025,1600,2709.227292
-39.19226,1600,2710.226725
-27.752904,1600,2711.080759
-47.561665,1600,2712.747773
-28.142498,1600,2713.697023
-24.258039,1600,2714.517291
-30.901844,1600,2715.414576
-47.175934,1600,2716.229192
-47.753449,1600,2718.911619
-44.649963,1600,2720.163897
-46.480454,1600,2721.414522
-46.17954,1600,2722.259401
-43.896672,1600,2723.097833
-50.595638,1600,2725.629861
-87.526579,213,2725.76772
-48.646256,1600,2726.583197
-47.855485,1600,2727.380473
-48.939422,1600,2728.207495
-48.640045,1600,2729.864412
-51.280945,1600,2730.767326
-23.92283,1600,2731.649923
-22.740287,1600,2732.487957
-49.453842,1600,2733.334529
-35.982207,1600,2735.907515
-50.090661,1600,2736.780809
-25.533342,1600,2737.63589
-23.927636,1600,2738.478854
-46.813754,1600,2739.308319
-43.041988,1600,2741.019162
-33.208263,1600,2741.982543
-45.623587,1600,2742.791993
-27.593462,1600,2743.707684
-47.984129,1600,2744.619939
-89.206831,192,2745.611908
-49.504913,1600,2747.153626
-51.839963,1600,2747.970287
-49.740243,1600,2748.761955
-51.633659,1600,2749.593867
-51.702488,1600,2750.419466
-50.204413,1600,2753.106439
-51.560208,1600,2753.910651
-51.058479,1600,2754.803802
-87.900663,262,2754.93674
-41.842275,1600,2755.743502
-33.000385,1600,2757.435324
-51.236365,1600,2758.280419
-37.891997,1600,2759.099205
-40.939369,1600,2759.937755
-28.081885,1600,2760.752242
-66.006533,1223,2762.580324
-27.952978,1600,2763.425914
-41.569939,1600,2764.262588
-51.205355,1600,2765.071685
-51.336334,1600,2765.909331
-51.535907,1600,2766.73455
-88.516038,187,2766.864545
-41.567303,1600,2768.376421
-28.876238,1600,2769.20818
-48.261455,1600,2770.038765
-50.987939,1600,2770.893589
-51.477361,1600,2771.702486
-27.700707,1600,2774.371655
-29.910239,1600,2775.187438
-30.397717,1600,2776.025479
-30.170479,1600,2776.867832
-44.7773,1600,2777.68863
-91.489385,276,2777.860222
-42.378084,1600,2780.222074
2.40416,1600,2781.061453
-40.419342,1600,2781.912053
-90.946231,403,2782.117269
-86.844722,202,2782.2222
-90.277643,249,2782.409801
-87.054022,173,2783.356501
-21.243828,1600,2784.135203
-39.038029,1600,2784.954788
-35.048899,1600,2785.799723
-33.811644,1600,2786.588704
-37.712154,1600,2789.113443
-49.674245,1600,2790.038384
-39.956568,1600,2790.872258
8.743167,1600,2791.695754
-39.269805,1600,2792.539207
-29.933278,1600,2795.236569
-37.127397,1600,2796.077582
-40.222364,1600,2796.950707
-18.84109,1600,2797.764013
-15.893145,1600,2798.608399
-26.709626,1600,2800.340549
-38.097151,1600,2801.237559
-22.575956,1600,2802.100715
-26.998435,1600,2802.938005
-37.849826,1600,2803.891199
-31.935268,1600,2806.499068
-29.149881,1600,2807.342617
-19.124921,1600,2808.198578
-22.539262,1600,2809.028427
-28.681226,1600,2809.890838
-90.948261,272,2810.220138
-28.407149,1600,2811.806818
-36.849005,1600,2812.632538
-37.143666,1600,2813.444552
-28.567404,1600,2814.297375
-19.339301,1600,2815.233623
-23.077161,1600,2817.805095
-44.197456,1600,2818.669066
-36.778823,1600,2819.498634
-48.335436,1600,2820.318442
-48.649265,1600,2821.248581
-35.435329,1600,2823.805345
-21.560757,1600,2824.666256
-15.536574,1600,2825.668436
-31.303036,1600,2826.501498
-32.145983,1600,2827.299403
-22.349288,1600,2828.997602
-23.240619,1600,2829.828475
-22.424644,1600,2830.672083
-24.594204,1600,2831.513744
-34.007197,1600,2832.324895
-78.058517,1037,2833.858867
-23.31431,1600,2834.821137
-41.901313,1600,2835.798647
-41.627379,1600,2836.642387
-23.107876,1600,2837.418502
-36.333668,1600,2838.197555
-88.39133,156,2838.300526
-92.392009,275,2838.497861
-32.525291,1600,2839.88073
-28.831335,1600,2840.707455
-24.328428,1600,2841.519767
-20.579003,1600,2842.315203
-89.410404,273,2842.457544
-87.713954,204,2844.317127
-43.013079,1600,2845.134314
-27.307949,1600,2846.115771
-41.249085,1600,2846.957823
-40.505172,1600,2847.816043
-83.700908,1145,2849.400918
-14.231636,1600,2850.32059
-86.928192,187,2850.420614
-33.083393,1600,2851.340615
-20.065987,1600,2852.225771
-36.212773,1600,2853.041418
-21.270301,1600,2854.661512
-12.016073,1600,2855.468149
-23.369479,1600,2856.512542
-33.507806,1600,2857.337342
-25.169416,1600,2858.174463
-26.19226,1600,2860.930136
-28.212378,1600,2861.745561
-30.324636,1600,2862.567559
-33.457691,1600,2863.42811
-28.893549,1600,2864.244125
-38.501257,1600,2865.961051
-44.912857,1600,2866.923382
-29.76459,1600,2867.77644
-27.946597,1600,2868.60117
-15.107861,1600,2869.462123
-17.391922,1600,2872.071275
-32.03695,1600,2872.943641
-27.991664,1600,2873.85582
-38.155287,1600,2874.707529
-21.256021,1600,2875.581097
-37.086204,1600,2878.299018
-29.765388,1600,2879.131457
-25.964863,1600,2879.982537
-33.345734,1600,2880.81331
-22.48843,1600,2881.689509
-23.803422,1600,2883.391845
-26.060194,1600,2884.225622
-32.127748,1600,2885.046363
-37.103546,1600,2885.866296
-26.208698,1600,2886.709532
-29.201419,1600,2889.442339
-31.403685,1600,2890.28484
-34.978071,1600,2891.158625
-22.351947,1600,2892.034732
-31.050089,1600,2892.898153
-32.238505,1600,2895.499483
-38.928514,1600,2896.359944
-33.22048,1600,2897.185618
-29.295111,1600,2898.163669
-28.27537,1600,2898.995276
-32.344843,1600,2900.719898
-21.607978,1600,2901.728826
-32.928295,1600,2902.632695
-23.734043,1600,2903.462366
-31.700949,1600,2904.274522
-90.516511,238,2904.424944
-28.65797,1600,2906.771136
-27.972471,1600,2907.636618
-26.144992,1600,2908.591209
-30.189035,1600,2909.446811
-30.755895,1600,2910.287493
-87.130822,213,2910.437388
-28.588888,1600,2911.909363
-31.397626,1600,2912.756347
-29.11649,1600,2913.569552
-87.44531,208,2913.687046
-29.452688,1600,2914.553752
-28.85907,1600,2917.388756
-28.213364,1600,2918.324496
-28.161686,1600,2919.293947
-30.593163,1600,2920.076718
-29.785914,1600,2920.97498
-23.797323,1600,2923.548522
-8.661278,1600,2924.382215
-17.887434,1600,2925.328548
-37.225943,1600,2926.181127
-87.865968,203,2926.316911
-19.064863,1600,2928.059411
-87.732644,206,2928.18537
-87.687799,186,2928.300725
-87.512841,175,2928.391143
0.961136,1600,2929.359206
-112.349671,65,2929.425902
-112.303975,68,2929.489455
-115.120843,66,2929.555299
-30.48933,1600,2931.969101
-18.71766,1600,2932.850085
-37.354048,1600,2933.674305
-30.502495,1600,2934.557293
-20.27704,1600,2935.422615
-89.064259,192,2935.554809
-113.24809,107,2935.635483
-94.677487,333,2935.855776
-15.885965,1600,2937.172572
-20.506211,1600,2938.069524
-14.116522,1600,2938.958428
-30.844404,1600,2939.947594
-38.105695,1600,2940.836701
-21.910226,1600,2943.390158
-23.048024,1600,2944.188267
-85.94787,163,2944.274689
-20.450433,1600,2945.117616
-18.594046,1600,2945.991066
-86.938271,159,2947.796348
-0.202899,1600,2948.639323
-86.421789,185,2948.741502
-36.985121,1600,2949.58259
-47.999186,1600,2950.571612
-90.595368,220,2950.73564
-95.240248,359,2951.018886
-86.959599,159,2951.590442
-27.896129,1600,2952.521937
-87.320463,161,2952.607229
-4.402283,1600,2953.475481
-25.760031,1600,2954.334656
-116.602789,83,2954.388029
-13.561926,1600,2956.935257
-24.544782,1600,2957.897815
-25.382864,1600,2958.830402
-11.293544,1600,2959.655957
-10.398243,1600,2960.535794
-11.005878,1600,2962.468352
-17.933475,1600,2963.372147
-25.722439,1600,2964.208604
-38.57555,1600,2965.100642
-15.60593,1600,2965.951838
-22.013551,1600,2968.618757
-44.627351,1600,2969.391452
-55.504979,1600,2970.218186
-38.9591,1600,2971.079122
-109.384406,253,2971.27208
-33.639792,1600,2973.857282
-17.382935,1600,2974.714883
-5.841252,1600,2975.501456
-27.835027,1600,2976.408897
-46.105047,1600,2977.254165
-95.288752,369,2977.510521
-55.752866,1600,2978.988127
-53.035521,1600,2979.807881
-21.157331,1600,2980.768571
-94.105501,369,2981.031554
-22.968431,1600,2981.982188
-87.852556,184,2982.101552
-90.898191,237,2983.1501
-40.708744,1600,2984.50666
-39.490113,1600,2985.364789
-44.872603,1600,2986.210295
-19.848139,1600,2987.071378
-44.900193,1600,2987.932771
-87.785294,161,2988.040672
-45.945177,1600,2990.54012
-40.964155,1600,2991.345968
-41.630934,1600,2992.313563
-54.530121,1600,2993.154526
-42.486519,1600,2994.00025
-42.279295,1600,2995.696661
-32.994693,1600,2996.572612
-46.021051,1600,2997.35755
-31.237086,1600,2998.18281
-51.01099,1600,2999.111908
-88.940354,209,2999.258144
-122.18808,133,3000.992625
-114.863809,95,3001.038026
-119.989463,129,3001.106138
-114.37884,95,3001.168676
-113.763125,94,3001.219416
-114.205561,99,3002.103638
-119.087577,111,3002.167262
-121.679784,126,3002.235476
-114.994202,94,3002.314654
-114.105933,94,3002.386301
-43.507746,1600,3005.050034
-90.623638,253,3005.229562
-41.36657,1600,3006.058247
-16.958684,1600,3006.912125
-43.643514,1600,3007.811838
-80.360803,855,3008.408039
-91.927638,256,3009.448663
-8.33236,1600,3010.545899
-18.996625,1600,3011.438817
-8.07355,1600,3012.316988
-86.026003,157,3012.401632
-16.013156,1600,3013.360553
-89.367422,222,3013.515214
-25.064289,1600,3015.107641
-8.912216,1600,3015.937038
-86.163988,156,3016.012945
-25.381838,1600,3016.856925
-19.156737,1600,3017.66745
-29.695065,1600,3020.367403
-20.780056,1600,3021.190928
-22.398602,1600,3022.006805
0.18592,1600,3022.834568
-29.688563,1600,3023.833673
-121.95922,88,3023.892486
-40.557492,1600,3025.562145
-24.069581,1600,3026.394771
-22.565124,1600,3027.210756
-17.999923,1600,3028.056556
-26.968639,1600,3028.92614
-22.046654,1600,3031.482604
-34.433811,1600,3032.341413
-20.898491,1600,3033.149734
-31.994195,1600,3034.117359
-39.222543,1600,3034.936773
-18.152863,1600,3037.545169
-20.161425,1600,3038.387172
-36.975964,1600,3039.316304
-30.265836,1600,3040.163502
-22.930991,1600,3041.024049
-91.387709,292,3041.242111
-19.373216,1600,3042.774634
-21.538731,1600,3043.689582
-37.311561,1600,3044.654868
-16.131274,1600,3045.54381
-23.610411,1600,3046.447002
-44.510282,1600,3049.150817
-18.405578,1600,3050.020695
-20.503559,1600,3050.835772
-34.792096,1600,3051.665767
-39.384786,1600,3052.538936
-86.524719,166,3052.638022
-87.233562,183,3053.464087
-25.999169,1600,3054.352314
-24.503482,1600,3055.308746
4.836089,1600,3056.188756
-24.322028,1600,3057.021734
-92.251312,288,3058.058901
-103.803237,108,3058.123955
-86.948245,161,3058.223491
-98.700505,449,3058.554595
-30.344098,1600,3059.566173
-9.389117,1600,3060.40163
-26.918017,1600,3061.270004
-18.626171,1600,3062.081407
-19.279632,1600,3062.887039
-18.550385,1600,3065.637939
-87.208225,157,3065.730107
-19.620791,1600,3066.5442
-24.705597,1600,3067.38002
-23.850937,1600,3068.195387
-88.428562,240,3068.356043
-89.728736,273,3068.543538
-33.261741,1600,3069.853578
-35.477277,1600,3070.684273
-37.779702,1600,3071.545035
-45.879667,1600,3072.418066
-2.454255,1600,3073.303928
-88.742302,206,3073.436239
-20.068646,1600,3075.993868
-7.486249,1600,3076.901344
-86.555559,185,3076.999015
-20.37518,1600,3077.786496
-20.268406,1600,3078.652131
4.07865,1600,3081.187184
-10.991159,1600,3082.005483
-20.976661,1600,3082.833798
-8.437049,1600,3083.708579
-19.318819,1600,3084.622277
-25.526086,1600,3086.45709
-12.065641,1600,3087.324052
-7.271064,1600,3088.172093
3.767473,1600,3089.017357
-41.361443,1600,3089.873695
-27.104911,1600,3092.453501
-86.588568,157,3092.548677
-13.664645,1600,3093.394879
-16.938133,1600,3094.264916
-30.321027,1600,3095.098083
-11.95032,1600,3096.840531
-43.491441,1600,3097.656303
-28.763765,1600,3098.474748
-36.116767,1600,3099.307198
-34.663893,1600,3100.154638
-90.0283,229,3100.325152
-95.383149,405,3101.535239
-16.247874,1600,3102.819607
-20.723286,1600,3103.667741
-22.412756,1600,3104.545576
-18.711185,1600,3105.419132
-24.992926,1600,3106.284084
-32.689146,1600,3109.099021
-23.888581,1600,3109.929615
-35.543499,1600,3110.88536
-21.991908,1600,3111.731829
-9.541668,1600,3112.548954
-24.519081,1600,3114.269564
-17.593228,1600,3115.08928
-19.65544,1600,3115.898209
-16.470109,1600,3116.789986
-35.250343,1600,3117.76806
-15.266635,1600,3120.287372
-23.103735,1600,3121.127403
-20.574293,1600,3121.952888
-22.199495,1600,3122.820016
-26.073593,1600,3123.652731
-95.457347,399,3123.932256
-68.801351,716,3124.452973
-23.506977,1600,3125.447312
-19.598434,1600,3126.379917
-23.803244,1600,3127.232472
-23.064193,1600,3128.169679
-23.133645,1600,3129.008895
-22.759039,1600,3131.722457
-20.0394,1600,3132.518007
-37.313254,1600,3133.288387
-34.167972,1600,3134.216801
-31.417603,1600,3135.046576
-103.614506,932,3135.682866
-35.708907,1600,3137.616899
-19.266825,1600,3138.624925
-33.790194,1600,3139.496173
-33.774762,1600,3140.418844
-35.724117,1600,3141.280826
-34.303624,1600,3142.993804
-35.705007,1600,3143.833799
-34.983683,1600,3144.649652
-33.4776,1600,3145.471918
-39.131802,1600,3146.400132
-31.32116,1600,3149.546722
-29.305381,1600,3150.480824
-18.974262,1600,3151.308134
-28.223448,1600,3152.20096
-34.107783,1600,3153.015275
-27.858319,1600,3154.71551
-25.723246,1600,3155.594357
-38.595585,1600,3156.444837
-52.180628,1600,3157.274992
-33.963622,1600,3158.134071
-34.788138,1600,3161.009723
-16.231114,1600,3161.872343
-32.811207,1600,3162.734527
-8.682342,1600,3163.581047
-35.121296,1600,3164.422647
-88.37331,218,3164.558906
-112.33528,82,3164.622075
-50.414633,1600,3166.947024
-50.296939,1600,3167.786838
-50.442964,1600,3168.556146
-50.383094,1600,3169.495165
-50.448202,1600,3170.300425
-51.060113,1600,3172.013932
-50.325153,1600,3172.819729
-51.073289,1600,3173.642703
-51.365768,1600,3174.485558
-31.953005,1600,3175.273834
-94.158945,301,3175.488747
-50.759442,1600,3177.814708
-41.011951,1600,3178.629844
-48.704329,1600,3179.443873
-50.749842,1600,3180.405052
-49.23654,1600,3181.248837
-92.873256,329,3181.482745
-51.00455,1600,3182.975893
-46.838195,1600,3183.760023
-41.210141,1600,3184.565453
-46.894868,1600,3185.394553
-33.49382,1600,3186.237039
-89.562084,210,3187.266943
-95.835864,395,3187.529999
-111.918056,68,3187.581117
-89.700938,215,3187.730368
-21.323293,1600,3188.786987
-37.049213,1600,3189.609322
-27.031578,1600,3190.539685
-39.398258,1600,3191.409199
-40.50566,1600,3192.255485
-94.027089,348,3192.479168
-25.970064,1600,3194.771231
-14.522617,1600,3195.678607
-41.374182,1600,3196.636724
-31.867489,1600,3197.448128
-25.46831,1600,3198.430295
-26.987129,1600,3200.136941
-27.59457,1600,3201.064982
-30.350051,1600,3201.887036
-23.581743,1600,3202.712139
-28.800013,1600,3203.518656
-89.493196,239,3203.682094
-89.316631,242,3204.706073
-92.482139,272,3204.929616
-38.61808,1600,3206.089818
-40.545914,1600,3206.923819
-33.766049,1600,3207.761378
-88.274919,250,3207.913715
-43.562368,1600,3208.797658
-31.802502,1600,3211.53973
-39.37037,1600,3212.381282
-29.78223,1600,3213.195448
-26.700647,1600,3214.059944
-41.858216,1600,3214.82935
-89.349264,179,3214.97208
-88.433966,207,3215.119802
-26.750132,1600,3216.576545
-25.680916,1600,3217.396364
-41.647375,1600,3218.245708
-43.412511,1600,3219.055851
-26.942986,1600,3219.856048
-23.136778,1600,3222.621019
-40.216714,1600,3223.445378
-27.478211,1600,3224.279493
-27.686721,1600,3225.130546
-18.428717,1600,3226.016006
-39.393969,1600,3227.685935
-40.5356,1600,3228.498443
-40.722042,1600,3229.343955
-24.835973,1600,3230.149013
-24.943141,1600,3230.977476
-42.316839,1600,3233.726401
-41.795023,1600,3234.54653
-43.030422,1600,3235.374067
-41.297694,1600,3236.214797
-42.304754,1600,3237.058735
-30.356103,1600,3240.066758
-25.384882,1600,3240.87007
-41.442566,1600,3241.668991
-40.333712,1600,3242.542328
-26.50218,1600,3243.415285
-21.2941,1600,3245.082963
-41.962333,1600,3245.860625
-40.18603,1600,3246.672265
-25.13935,1600,3247.485028
-30.301452,1600,3248.368199
-91.74566,309,3248.571349
-28.127604,1600,3250.8902
-26.612102,1600,3251.732955
-27.906798,1600,3252.54979
-27.223992,1600,3253.483938
-26.73291,1600,3254.335496
-22.646229,1600,3255.988112
-28.93943,1600,3256.838936
-25.095548,1600,3257.651181
-28.560183,1600,3258.52208
-40.346622,1600,3259.373862
-89.399382,264,3260.698192
-90.467144,230,3260.876229
-39.509976,1600,3262.415725
-15.305317,1600,3263.469841
-43.941853,1600,3264.275674
-29.104671,1600,3265.079988
-26.741593,1600,3265.944993
-76.879368,956,3267.48996
-20.403409,1600,3268.520524
-26.062042,1600,3269.375482
-19.922537,1600,3270.276296
-38.18498,1600,3271.120809
-37.257833,1600,3271.970742
-20.466464,1600,3273.817349
-25.842131,1600,3274.698836
-25.054804,1600,3275.501798
-25.906308,1600,3276.412507
-28.242957,1600,3277.243738
-31.063336,1600,3279.834303
-35.204338,1600,3280.669869
-36.689751,1600,3281.492348
-29.244493,1600,3282.355987
-39.611998,1600,3283.153892
-19.50704,1600,3284.957886
-37.385325,1600,3285.801104
-27.220971,1600,3286.619167
-21.419762,1600,3287.469921
-42.835992,1600,3288.296073
-28.448361,1600,3290.797384
-28.544008,1600,3291.649463
-18.338119,1600,3292.477947
-23.25897,1600,3293.251297
-26.816934,1600,3294.093853
-30.107543,1600,3296.7682
-38.610254,1600,3297.62391
-31.875659,1600,3298.500373
-30.070382,1600,3299.334477
-29.554749,1600,3300.173086
-28.403358,1600,3301.991427
-31.874084,1600,3302.88853
-34.186684,1600,3303.706782
-19.884646,1600,3304.534318
-40.417088,1600,3305.528838
-87.835533,174,3305.645997
-112.696823,97,3305.706759
-89.766905,239,3306.765051
-23.791895,1600,3308.1349
-20.886425,1600,3308.942843
-25.589954,1600,3309.718979
-21.230111,1600,3310.53098
-22.723139,1600,3311.372271
-22.8254,1600,3313.903814
-29.541662,1600,3314.740885
-87.169028,223,3314.853841
-29.794153,1600,3315.828271
-16.056684,1600,3316.682305
-113.54802,65,3316.727575
-87.331185,156,3316.829781
-18.129073,1600,3318.337743
-19.2175,1600,3319.197343
-22.092805,1600,3320.07917
-21.443906,1600,3321.014308
-21.978167,1600,3321.840909
-38.996943,1600,3324.585011
-27.752083,1600,3325.374785
-33.864725,1600,3326.328406
-29.630988,1600,3327.182121
-38.993089,1600,3328.02278
-28.212233,1600,3329.746076
-33.984317,1600,3330.558957
-27.644564,1600,3331.394139
-27.12434,1600,3332.291905
-42.150167,1600,3333.185079
-28.582528,1600,3335.85393
-38.55099,1600,3336.889441
-31.208132,1600,3337.963928
-34.901428,1600,3338.779044
-42.334877,1600,3339.641856
-31.230933,1600,3342.304846
-26.52143,1600,3343.120792
-28.326228,1600,3343.960089
-27.928466,1600,3344.802168
-28.08078,1600,3345.638155
-42.063885,1600,3347.489381
-36.439027,1600,3348.332541
-28.994258,1600,3349.178652
-41.261175,1600,3350.012478
-30.614867,1600,3350.862884
-39.61361,1600,3353.452881
-37.514704,1600,3354.286836
-34.902055,1600,3355.112472
-43.640802,1600,3355.962207
-36.081041,1600,3356.812506
-32.43027,1600,3358.698282
-21.340223,1600,3359.526727
-22.666617,1600,3360.367142
-38.756732,1600,3361.246776
-39.661459,1600,3362.105693
-40.659314,1600,3364.670187
-43.443608,1600,3365.487014
-32.020034,1600,3366.320904
-40.786499,1600,3367.152615
-26.890564,1600,3368.139363
-29.857752,1600,3370.807161
-20.477301,1600,3371.754761
-27.253302,1600,3372.554363
-24.259627,1600,3373.360047
-30.061747,1600,3374.173947
-92.145475,320,3374.480154
-22.358507,1600,3376.016546
-33.21152,1600,3376.931935
-29.93627,1600,3377.770252
-28.999179,1600,3378.671577
-34.73857,1600,3379.50018
-120.506077,1112,3381.153904
-18.621641,1600,3382.097893
-27.303673,1600,3382.932815
-29.551783,1600,3383.750428
-27.306445,1600,3384.596407
-23.660223,1600,3385.425676
-97.18608,477,3385.759311
-30.498931,1600,3387.134115
-28.918105,1600,3387.995512
-24.121107,1600,3388.951826
-20.172506,1600,3389.822947
-28.645395,1600,3390.621167
-38.311364,1600,3393.250684
-27.857357,1600,3394.091321
-27.213958,1600,3394.964338
-20.15356,1600,3395.808993
-28.497097,1600,3396.665974
-30.090053,1600,3399.422573
-35.150262,1600,3400.272801
-31.890795,1600,3401.155648
-29.839583,1600,3402.035764
-31.520263,1600,3402.929687
-28.334961,1600,3404.6491
-40.729743,1600,3405.466698
-37.218325,1600,3406.289192
-28.33546,1600,3407.172107
-35.646235,1600,3408.016446
-88.270004,176,3408.130098
-25.977481,1600,3410.899041
-21.691487,1600,3411.801038
-33.768274,1600,3412.598328
-24.615519,1600,3413.439066
-28.747543,1600,3414.246996
-16.402191,1600,3416.814605
-17.791753,1600,3417.659389
-31.767089,1600,3418.491156
-28.231436,1600,3419.337345
-19.508433,1600,3420.307661
-10.113134,1600,3422.018545
-16.559733,1600,3422.859182
-26.552657,1600,3423.668627
-9.158701,1600,3424.543271
-22.54573,1600,3425.389485
-18.897147,1600,3427.954139
-17.965962,1600,3428.815937
-32.162299,1600,3429.637536
-14.773259,1600,3430.557618
-33.784185,1600,3431.505339
-26.303951,1600,3433.241532
-28.463292,1600,3434.025301
-28.683844,1600,3434.880286
-38.58573,1600,3435.758084
-24.861187,1600,3436.60008
-95.860543,388,3437.756705
-27.119023,1600,3439.140842
-22.612374,1600,3439.991847
-24.89195,1600,3440.8671
-27.404965,1600,3441.87244
-27.397333,1600,3443.204444
-32.022751,1600,3445.801118
-36.900798,1600,3446.915764
-55.059317,1600,3447.716997
-19.532235,1600,3448.699828
-38.712324,1600,3449.727301
-22.266576,1600,3451.843856
-35.998343,1600,3452.690591
-85.746578,222,3452.816547
-40.746838,1600,3453.700925
-44.76349,1600,3454.55252
-12.270328,1600,3457.232919
-19.622735,1600,3458.127849
-29.333366,1600,3459.129232
-16.891204,1600,3460.027608
-29.371195,1600,3461.060224
-96.963085,508,3461.590187
-27.223887,1600,3463.034166
-31.956691,1600,3463.889053
-89.404868,285,3464.049512
-15.49696,1600,3464.931119
-87.323214,188,3465.054102
-91.819788,299,3466.150144
-95.142031,405,3466.497438
-88.388751,216,3466.974224
-13.810433,1600,3467.816898
-22.122732,1600,3468.697229
-20.318114,1600,3469.515472
-12.80978,1600,3470.346176
-34.547082,1600,3473.089325
-40.143868,1600,3473.90059
-27.546396,1600,3474.700795
-40.188882,1600,3475.525666
-40.057123,1600,3476.314219
-37.858523,1600,3478.048214
-38.263867,1600,3478.883127
-41.768335,1600,3479.723271
-40.808588,1600,3480.52695
-39.510913,1600,3481.342028
-30.887106,1600,3483.942432
-43.159795,1600,3484.780704
-38.36306,1600,3485.563884
-42.445789,1600,3486.354213
-44.566863,1600,3487.15623
-33.073269,1600,3488.861009
-33.15323,1600,3489.655419
-31.225685,1600,3490.557798
-33.182895,1600,3491.625539
-43.091004,1600,3492.438783
-86.740276,178,3494.318488
-20.778667,1600,3495.114883
-21.918722,1600,3495.986198
-8.293603,1600,3496.855994
-30.634462,1600,3497.66882
-120.652984,80,3497.72148
-86.243611,158,3499.541085
-17.825471,1600,3500.347038
-30.49708,1600,3501.160201
-32.37068,1600,3501.979985
-29.936969,1600,3502.838055
-89.533928,1232,3503.882704
-26.470189,1600,3504.76742
-26.788224,1600,3505.573023
-20.776744,1600,3506.689959
-37.852811,1600,3507.900747
-26.378036,1600,3508.939451
-36.84103,1600,3512.07314
-36.327812,1600,3512.940163
-25.865095,1600,3513.790139
-26.080679,1600,3514.687012
-28.389915,1600,3515.538555
-29.378214,1600,3518.16126
-20.965703,1600,3518.950749
-55.015711,1600,3519.76238
-26.876867,1600,3520.581337
-21.533433,1600,3521.445929
-26.528344,1600,3523.183268
-40.708286,1600,3524.012117
-22.615149,1600,3524.876421
-87.534372,196,3524.987376
-31.19569,1600,3525.827665
-38.944738,1600,3528.44848
-39.235163,1600,3529.257836
-40.692594,1600,3530.050475
-29.117415,1600,3530.893253
-30.49884,1600,3531.726748
-87.592826,178,3531.845547
-28.782888,1600,3533.510873
-23.429253,1600,3534.393957
-31.804766,1600,3535.411102
-39.707512,1600,3536.308175
-40.751857,1600,3537.139753
-93.144928,349,3538.397482
-33.870573,1600,3539.861368
-30.755221,1600,3541.017266
-32.74979,1600,3541.899937
-86.663764,171,3542.014225
-32.876823,1600,3542.934129
-88.545982,185,3543.088965
-29.351821,1600,3546.121975
-32.100413,1600,3547.172198
-33.103096,1600,3548.255365
-51.950117,1600,3549.102971
-34.182555,1600,3550.044195
-92.217723,311,3550.331065
-31.448085,1600,3551.939262
-26.824944,1600,3552.802398
-33.157454,1600,3553.689004
-24.825682,1600,3554.504393
-28.491351,1600,3555.344352
-39.891054,1600,3558.317341
-34.365166,1600,3559.147032
-25.755593,1600,3560.114066
-28.023306,1600,3561.118031
-33.14794,1600,3562.070111
-28.300209,1600,3564.096063
-27.300315,1600,3565.016203
-27.891925,1600,3566.026025
-14.840036,1600,3566.945122
-21.940358,1600,3567.934738
-30.608199,1600,3571.047062
-38.868181,1600,3571.876142
-35.234121,1600,3572.725036
-30.616277,1600,3573.666874
-21.524901,1600,3574.542324
-88.473516,199,3574.704096
-23.168727,1600,3577.861762
-28.270174,1600,3578.748063
-40.230947,1600,3579.6771
-23.113431,1600,3580.688918
-40.239168,1600,3581.760336
-39.106378,1600,3583.602411
-38.872068,1600,3584.578231
-33.644754,1600,3585.543382
-37.890639,1600,3586.469759
-37.560937,1600,3587.61086
-93.687235,382,3587.996949
-36.360414,1600,3591.174185
-40.479893,1600,3592.349723
-32.134839,1600,3593.568634
-31.50848,1600,3594.619663
-36.300666,1600,3595.666047
-96.856978,478,3596.015193
-30.708033,1600,3597.628027
-35.545712,1600,3598.694949
-54.599398,1600,3599.748427
-31.639535,1600,3600.91665
-31.597987,1600,3602.141396
-107.447598,270,3603.316941
-55.155659,1600,3604.864467
-55.95126,1600,3605.665569
-37.411643,1600,3606.524557
-32.506304,1600,3607.461062
-40.095111,1600,3608.370885
-28.075116,1600,3610.973202
-28.87472,1600,3611.794058
-88.630459,247,3611.927865
-36.56441,1600,3612.852803
-30.131917,1600,3613.684234
-34.817948,1600,3615.362501
-24.714735,1600,3616.158227
-28.747192,1600,3617.076175
-33.847409,1600,3617.997647
-49.457591,1600,3618.821262
-39.855249,1600,3621.449599
-33.249512,1600,3622.362063
-31.376619,1600,3623.254061
-48.745089,1600,3624.103157
-43.794303,1600,3624.950782
-36.524473,1600,3626.681494
-34.64027,1600,3627.540581
-48.783223,1600,3628.451639
-37.140883,1600,3629.32458
-47.257885,1600,3630.169058
-123.447841,181,3631.248624
-30.927484,1600,3632.930299
-40.111372,1600,3633.787448
-23.572377,1600,3634.623293
-27.112047,1600,3635.580228
-36.676122,1600,3636.596437
-101.955693,600,3637.041968
-20.666259,1600,3639.310168
-23.140709,1600,3640.1272
-35.529965,1600,3640.960238
-22.071482,1600,3641.810038
-34.074722,1600,3642.641412
-95.524328,376,3642.915115
-96.58368,426,3643.204081
-48.844995,1600,3644.37429
-36.221071,1600,3645.20258
-36.731249,1600,3646.127236
-27.948882,1600,3646.922608
-40.746822,1600,3647.757713
-89.018817,216,3647.897149
-39.730186,1600,3650.484216
-38.420615,1600,3651.332762
-39.358246,1600,3652.195503
-28.488335,1600,3652.981666
-40.083484,1600,3653.796048
-52.111618,1600,3656.392651
-52.196779,1600,3657.237332
-55.437873,1600,3657.992604
-37.192525,1600,3658.805931
-55.181877,1600,3659.635389
-121.747357,96,3659.706794
-36.024726,1600,3661.38044
-49.453628,1600,3662.205446
-38.008854,1600,3662.990302
-52.505963,1600,3663.805364
-52.246621,1600,3664.618709
-100.291811,512,3664.958968
-91.833715,343,3666.131519
-26.930399,1600,3667.254287
-32.486256,1600,3668.052564
-42.649817,1600,3668.879559
-38.898308,1600,3669.655657
-43.546033,1600,3670.550375
-51.054845,1600,3672.311965
-39.1176,1600,3673.110631
-38.843566,1600,3673.909274
-28.609829,1600,3674.7352
-42.524535,1600,3675.522133
-31.841466,1600,3678.068511
-47.905733,1600,3678.925403
-24.431063,1600,3679.758596
-30.769231,1600,3680.556653
-43.805006,1600,3681.373261
-24.285473,1600,3683.955347
-39.996826,1600,3684.752169
-40.032748,1600,3685.56729
-27.851961,1600,3686.36729
-17.954506,1600,3687.166806
-29.719764,1600,3688.835476
-33.187159,1600,3689.630571
-39.680904,1600,3690.489647
-40.013025,1600,3691.366983
-27.264308,1600,3692.13057
-21.089911,1600,3694.686651
-28.793856,1600,3695.500711
-31.745283,1600,3696.281019
-99.237484,155,3696.37113
-99.067974,154,3696.464342
-101.730858,125,3697.327379
-32.84969,1600,3698.137681
-24.740945,1600,3699.009656
-34.486385,1600,3699.818789
-24.070795,1600,3701.007142
-111.981391,86,3701.168403
-42.508476,1600,3705.28441
-28.867103,1600,3706.380941
-41.264621,1600,3707.402279
-102.740121,133,3707.50148
-51.112383,1600,3708.484585
-25.993012,1600,3711.751854
-33.449214,1600,3712.770508
-25.050111,1600,3713.728256
-22.397641,1600,3714.757985
-21.654029,1600,3715.651348
-4.037088,1600,3717.550552
-16.859255,1600,3718.340757
-17.317926,1600,3719.157083
-17.174043,1600,3719.967532
-18.783078,1600,3720.771209
-88.80085,215,3720.915545
-89.638143,273,3722.674278
-42.731194,1600,3723.500457
-26.237218,1600,3724.31481
-103.633211,151,3724.394504
-28.766903,1600,3725.179302
-44.589398,1600,3726.806208
-88.29682,228,3726.916924
-98.069352,145,3726.985019
-24.837738,1600,3727.870545
-32.123637,1600,3728.695446
-56.152699,1600,3731.138546
-24.22963,1600,3731.944272
-27.783351,1600,3732.813043
-27.746424,1600,3733.638444
-29.231576,1600,3734.413059
-44.24296,1600,3736.88133
-36.464951,1600,3737.730183
-21.775855,1600,3738.567155
-16.961476,1600,3739.417278
-20.325235,1600,3740.212719
-14.691467,1600,3741.8945
-4.415822,1600,3742.869106
-31.553169,1600,3743.710128
-15.476819,1600,3744.561923
-24.944037,1600,3745.401236
-30.508121,1600,3747.892612
-34.387322,1600,3748.661677
-28.505558,1600,3749.446865
-31.767219,1600,3750.251624
-32.012552,1600,3751.059572
-40.445532,1600,3753.661323
-33.89044,1600,3754.562961
-40.444702,1600,3755.339987
-29.620691,1600,3756.179569
-29.442122,1600,3757.012194
-88.768809,215,3757.170311
-88.213343,170,3757.29884
-96.675024,455,3757.600775
-40.413937,1600,3758.818166
-31.661043,1600,3759.607467
-26.347247,1600,3760.416544
-25.0398,1600,3761.278418
-41.342029,1600,3762.0743
-28.256063,1600,3764.717061
-41.365111,1600,3765.515038
-41.364558,1600,3766.29677
-38.464401,1600,3767.092275
-43.002989,1600,3767.892573
-95.058747,368,3768.125571
-45.351765,1600,3769.541851
-51.681922,1600,3770.33672
-33.831913,1600,3771.099087
-42.040646,1600,3771.908268
-25.845117,1600,3772.729908
-23.926731,1600,3775.305707
-27.680865,1600,3776.109513
-35.133348,1600,3776.923029
-29.540228,1600,3777.727504
-24.611132,1600,3778.514276
-35.615701,1600,3780.988298
-21.597546,1600,3781.796324
-21.455769,1600,3782.558223
-36.258266,1600,3783.369456
-38.952268,1600,3784.149987
-33.559079,1600,3785.874867
-41.488597,1600,3786.707422
-43.794188,1600,3787.49695
-40.476922,1600,3788.26953
-36.931947,1600,3789.088356
-94.638402,390,3789.361808
-5.964645,1600,3791.614226
-18.643862,1600,3792.430628
-27.113725,1600,3793.245629
-86.007194,177,3793.339287
-28.037263,1600,3794.129824
-85.294857,1219,3794.929166
-89.84593,238,3795.087341
3.243379,1600,3795.983303
-17.773987,1600,3796.821042
-32.214946,1600,3797.605597
-19.369622,1600,3798.422808
-94.394443,334,3799.440674
0.522833,1600,3800.894621
-27.901522,1600,3801.769065
-3.301971,1600,3802.658532
-35.494644,1600,3803.517171
-2.898767,1600,3804.34164
-31.240443,1600,3806.893159
-49.490045,1600,3807.721625
-51.240846,1600,3808.590364
-35.121586,1600,3809.40104
-35.14592,1600,3810.174562
-44.653683,1600,3811.958698
-44.085488,1600,3812.741526
-44.665234,1600,3813.519589
-44.912718,1600,3814.343016
-46.627002,1600,3815.157396
-90.945761,282,3815.341006
-121.646396,87,3815.391776
-47.479249,1600,3817.682535
-30.713319,1600,3818.497529
-46.549171,1600,3819.287432
-36.418526,1600,3820.093232
-106.995908,155,3820.174751
-135.83726,1244,3821.020573
-33.435866,1600,3821.889144
-47.492999,1600,3822.724791
-45.5142,1600,3823.510287
-31.909543,1600,3824.292697
-45.48596,1600,3825.092707
-88.798137,178,3826.028
-47.524059,1600,3827.577822
-47.316545,1600,3828.371866
-27.475215,1600,3829.152175
-49.352038,1600,3829.971658
-48.485553,1600,3830.747789
-94.055827,323,3830.981832
-95.077761,117,3831.0604
-29.850808,1600,3833.316365
-44.386975,1600,3834.145194
-27.451909,1600,3834.964364
-44.610136,1600,3835.738862
-25.156687,1600,3836.523154
-27.421871,1600,3838.249708
-38.999296,1600,3839.023112
-26.35847,1600,3839.818816
-44.573808,1600,3840.619729
-29.592762,1600,3841.396444
-24.170979,1600,3843.832362
-22.311016,1600,3844.624401
-36.765848,1600,3845.832947
-19.783354,1600,3846.907035
-48.117304,1600,3847.907923
-40.605721,1600,3850.518216
-39.809388,1600,3851.409562
-39.930861,1600,3852.202214
-28.867434,1600,3853.009008
-35.443197,1600,3853.812188
-78.920705,1098,3854.572241
-30.075724,1600,3855.590546
-38.473456,1600,3856.447639
-33.517092,1600,3857.312536
-22.272403,1600,3858.271822
-30.391908,1600,3859.105544
-29.027725,1600,3861.732253
-11.26786,1600,3862.702539
-45.730081,1600,3863.527845
-29.99744,1600,3864.355596
-9.818379,1600,3865.174214
-111.498106,86,3865.229964
-95.984907,481,3865.542293
-26.41072,1600,3866.851513
-35.04129,1600,3867.735897
-14.573472,1600,3868.652465
-22.303852,1600,3869.48347
-43.077154,1600,3870.281639
-34.045576,1600,3872.861392
-28.399613,1600,3873.718254
-27.701191,1600,3874.615339
-27.929678,1600,3875.445065
-39.097377,1600,3876.305228
-24.204809,1600,3879.031034
-21.760446,1600,3879.887362
-17.31198,1600,3880.738216
-40.002935,1600,3881.603087
-21.462449,1600,3882.410757
-7.901853,1600,3884.177369
-30.190189,1600,3885.002482
-32.897022,1600,3885.852131
-23.527458,1600,3886.68473
-13.14294,1600,3887.543127
-36.360012,1600,3890.185006
-22.432064,1600,3890.981646
-30.726145,1600,3892.151189
-23.519875,1600,3893.181539
-28.627737,1600,3894.004502
-25.932676,1600,3895.690352
-27.960961,1600,3896.513444
-17.28071,1600,3897.332636
-27.714981,1600,3898.157809
-23.072894,1600,3899.056008
-21.172006,1600,3901.917337
-16.795786,1600,3902.764219
-11.62613,1600,3903.557407
-14.510539,1600,3904.372018
-87.566123,218,3904.478805
-19.280049,1600,3906.986252
-34.464721,1600,3907.852742
-33.274262,1600,3908.681561
-19.798198,1600,3909.4979
-27.340848,1600,3910.414276
-17.873036,1600,3912.091657
-34.208402,1600,3912.879028
-28.410232,1600,3913.721495
-18.34827,1600,3914.500069
-32.761766,1600,3915.346352
-20.959865,1600,3917.813444
-34.911072,1600,3918.628669
-25.814715,1600,3919.44049
-35.044278,1600,3920.346811
-37.056963,1600,3921.197939
-24.301859,1600,3922.938627
-28.714134,1600,3923.739801
-24.206533,1600,3924.574345
-24.522227,1600,3925.346609
-24.436975,1600,3926.130084
-99.490651,658,3927.439398
-34.842766,1600,3928.667133
-37.259836,1600,3929.598124
-45.935828,1600,3930.4377
-32.032618,1600,3931.361429
-22.938745,1600,3932.177084
-40.926517,1600,3934.702203
-21.652024,1600,3935.501422
-51.851981,1600,3936.374861
-41.01221,1600,3937.177587
-39.191378,1600,3937.987626
-58.991779,1600,3939.596576
-22.165795,1600,3940.370929
-31.542832,1600,3941.446332
-29.118867,1600,3942.296
-50.869895,1600,3943.120928
-21.37014,1600,3945.610698
-19.429945,1600,3946.420893
-37.772199,1600,3947.246944
-27.348717,1600,3948.065801
-98.600148,94,3948.120336
-89.715253,248,3948.279402
-88.886855,224,3948.438526
-92.08526,269,3948.651329
-121.089169,138,3948.739377
-43.409036,1600,3949.76753
-29.204752,1600,3950.539801
-40.682763,1600,3951.315946
-28.928132,1600,3952.127756
-41.752094,1600,3952.920893
-18.168656,1600,3955.370424
-24.085942,1600,3956.192386
-14.419221,1600,3956.979252
-43.554355,1600,3957.787053
-18.753399,1600,3958.60457
-28.372693,1600,3961.052339
-23.089835,1600,3961.958321
-31.067314,1600,3962.778477
-28.759708,1600,3963.56664
-16.883049,1600,3964.425393
-27.49359,1600,3966.019334
-27.837643,1600,3966.939712
-33.326865,1600,3967.757602
-28.530101,1600,3968.509698
-18.500881,1600,3969.390671
-22.822562,1600,3971.960278
-20.949821,1600,3972.806783
-3.490747,1600,3973.625951
-23.120257,1600,3974.447515
-33.702585,1600,3975.220747
-27.671196,1600,3977.685855
-15.820517,1600,3978.500868
-45.873839,1600,3979.256224
-28.290479,1600,3980.09642
-31.870013,1600,3980.875196
-106.596269,874,3981.410867
-32.843255,1600,3982.574971
-31.359177,1600,3983.340137
-12.406009,1600,3984.158567
-25.912091,1600,3984.926591
-32.753441,1600,3985.69837
-27.272691,1600,3988.118438
-23.398056,1600,3988.919159
-23.324175,1600,3989.667338
-26.158763,1600,3990.442522
-23.275303,1600,3991.234564
-106.535229,199,3991.366465
-88.549854,187,3991.495394
-42.472256,1600,3992.920517
-18.399189,1600,3993.70105
-19.443691,1600,3994.455738
-21.183705,1600,3995.217921
-27.426519,1600,3996.022173
-49.199466,1600,3998.396398
-1.415343,1600,3999.157966
-14.202612,1600,4000.03753
-28.638354,1600,4000.847203
-21.961154,1600,4001.610961
-115.343361,1191,4003.267645
-28.807948,1600,4004.137854
-38.139216,1600,4004.922992
-37.393396,1600,4005.703628
-44.012272,1600,4006.514322
-31.697178,1600,4010.460331
-21.44336,1600,4015.567878
-21.34623,1600,4016.372398
-33.875122,1600,4017.136293
-24.421577,1600,4017.895844
-21.680862,1600,4018.78278
-88.709588,192,4018.919113
-23.454997,1600,4021.180705
-52.843754,1600,4021.945896
-28.848569,1600,4022.730141
-38.50307,1600,4023.579648
-43.779672,1600,4024.430332
-88.022805,202,4024.572357
-18.275691,1600,4026.062887
-23.742478,1600,4026.817161
-38.474623,1600,4027.59959
-21.883804,1600,4028.359901
-23.507774,1600,4029.120652
-20.396155,1600,4031.508417
-22.001549,1600,4032.28655
-20.479751,1600,4033.076322
-38.105543,1600,4033.832644
-21.947893,1600,4034.681689
-87.056246,155,4034.791114
-19.947256,1600,4037.085936
-32.878224,1600,4037.859062
-20.372337,1600,4038.632913
-41.171499,1600,4039.407488
-33.49328,1600,4040.15442
-37.041779,1600,4041.730178
-21.178952,1600,4042.5704
-41.23397,1600,4043.379587
-17.358899,1600,4044.152802
-18.432201,1600,4045.05693
-39.828293,1600,4047.351551
-34.37003,1600,4048.092772
-27.190648,1600,4048.847377
-34.811023,1600,4049.628144
-21.292939,1600,4050.377728
-30.940883,1600,4051.909616
-87.102391,221,4052.017769
-45.596708,1600,4052.758005
-20.360879,1600,4053.517153
-45.666005,1600,4054.295609
-91.136916,283,4055.42969
-39.773572,1600,4056.794288
-40.674053,1600,4057.541375
-38.067758,1600,4058.299977
-35.356649,1600,4059.060723
-28.974758,1600,4059.844797
-38.110396,1600,4062.225564
-23.808519,1600,4062.98853
-22.083798,1600,4063.747901
-21.771693,1600,4064.493072
-22.513004,1600,4065.396997
-20.615879,1600,4066.984019
-24.450188,1600,4067.755486
-22.250555,1600,4068.502226
-20.834808,1600,4069.321955
-24.915266,1600,4070.063796
-23.582606,1600,4072.474948
-39.357972,1600,4073.20927
-21.245527,1600,4073.996421
-23.511799,1600,4074.765638
-24.135521,1600,4075.540987
-86.714612,183,4075.71022
-23.003082,1600,4078.122508
-23.345847,1600,4078.880708
-24.150602,1600,4079.642436
-21.230914,1600,4080.436214
-24.379444,1600,4081.198169
-29.741894,1600,4082.767874
-24.159053,1600,4083.532949
-37.303243,1600,4084.271776
-28.909294,1600,4085.053425
-23.432637,1600,4085.804965
-38.591778,1600,4088.289385
-42.050927,1600,4089.090762
-39.200972,1600,4089.854611
-39.247332,1600,4090.608639
-20.870342,1600,4091.458309
-92.214367,295,4091.63451
-28.989966,1600,4093.011548
-24.693595,1600,4093.776767
-23.762076,1600,4094.528919
-38.912937,1600,4095.26456
-19.945506,1600,4096.046595
-113.202395,1177,4097.691557
-25.127968,1600,4098.512282
-25.346428,1600,4099.284528
-37.398618,1600,4100.017426
-21.931419,1600,4100.791673
-23.973932,1600,4101.538743
-52.008444,1600,4103.876295
-51.585956,1600,4104.679633
-46.738627,1600,4105.434655
-46.850786,1600,4106.209583
-45.338439,1600,4107.121912
-106.448496,894,4107.690465
-43.839389,1600,4108.677128
-40.780965,1600,4109.585957
-28.579719,1600,4110.400571
-33.80144,1600,4111.164594
-26.179612,1600,4111.956536
-29.525034,1600,4114.449289
-13.327343,1600,4115.244979
-20.174972,1600,4116.057022
-21.720994,1600,4116.841914
-22.112728,1600,4117.790448
-123.774793,678,4118.227806
7.45424,1600,4119.363262
-33.074266,1600,4120.134601
-23.5071,1600,4120.91962
-23.261071,1600,4121.684547
-21.939262,1600,4122.442532
-28.874803,1600,4124.830635
-27.959442,1600,4125.615517
-36.64196,1600,4126.366754
-15.533322,1600,4127.188979
-17.49942,1600,4128.122409
-23.550742,1600,4130.631586
-101.133671,178,4130.722408
-15.762368,1600,4131.553367
-5.943617,1600,4132.291016
-22.691074,1600,4133.049633
-24.933504,1600,4134.78623
-16.642268,1600,4135.675494
-18.27772,1600,4136.437356
-34.835824,1600,4137.220037
-24.169847,1600,4138.002993
-100.094668,178,4139.817755
-37.268572,1600,4140.646547
-96.851916,149,4140.745799
-34.909796,1600,4141.47679
-32.123682,1600,4142.225915
-98.669337,167,4143.06229
-22.186483,1600,4143.806507
-26.55215,1600,4144.599837
-31.557586,1600,4145.377854
-101.99059,168,4145.450467
-97.644626,547,4146.60703
-102.489008,159,4147.126005
-14.09089,1600,4147.909328
-31.326129,1600,4148.831534
-48.092486,1600,4149.597207
-31.154805,1600,4150.345604
-28.106249,1600,4152.763234
-30.032593,1600,4153.522974
-23.011703,1600,4154.301067
-18.940551,1600,4155.095381
-25.624359,1600,4155.880492
-30.806738,1600,4157.421475
-35.183333,1600,4158.203751
-46.523182,1600,4159.065195
-23.680767,1600,4159.92809
-23.830064,1600,4160.659284
-87.355364,172,4160.785418
-23.798932,1600,4163.159584
-48.009586,1600,4163.939387
-32.338434,1600,4164.702729
-46.397416,1600,4165.478829
-25.590448,1600,4166.232149
-20.947062,1600,4168.567304
-23.246314,1600,4169.414494
-18.405085,1600,4170.272101
-43.890205,1600,4171.076154
-11.824071,1600,4171.867644
-18.075749,1600,4173.418132
-27.744796,1600,4174.183321
-20.265011,1600,4174.970114
-19.727789,1600,4175.828134
-20.5971,1600,4176.642531
-26.337548,1600,4179.059414
-26.405025,1600,4179.90982
-43.125221,1600,4180.866194
-27.26885,1600,4181.625493
-42.431212,1600,4182.44858
-42.45307,1600,4184.030857
-26.401734,1600,4184.857969
-24.981346,1600,4185.59487
-28.896722,1600,4186.377524
-40.240106,1600,4187.138229
-53.407752,1600,4189.568665
-26.576661,1600,4190.427501
-51.066985,1600,4191.254638
-31.632723,1600,4192.068581
-48.111501,1600,4192.888408
-46.081761,1600,4195.419458
-47.585931,1600,4196.178871
-23.776459,1600,4197.018594
-48.046961,1600,4197.782225
-41.286654,1600,4198.598793
-96.197965,461,4198.929145
-44.78994,1600,4200.235727
-25.159439,1600,4201.174657
-41.380191,1600,4202.03456
-37.724011,1600,4202.829412
-47.585632,1600,4203.595639
-99.312775,533,4203.990947
-48.840122,1600,4206.079345
-27.045838,1600,4206.899125
-45.604668,1600,4207.730539
-27.275655,1600,4208.535186
-26.501683,1600,4209.311824
-43.485513,1600,4210.976567
-38.827431,1600,4211.878838
-42.009148,1600,4212.644888
-54.854465,1600,4213.499177
-46.729801,1600,4214.283244
-24.899004,1600,4216.67678
-48.888225,1600,4217.499664
-52.130589,1600,4218.281689
-49.405284,1600,4219.12466
-50.795888,1600,4219.894655
-103.800203,824,4220.413782
-86.623565,179,4221.359532
-29.949376,1600,4222.479078
-45.927318,1600,4223.296398
-28.864793,1600,4224.307794
-29.191804,1600,4225.343304
-49.029383,1600,4226.075425
-24.916465,1600,4227.732994
-29.141028,1600,4228.519125
-34.077429,1600,4229.308935
-29.491542,1600,4230.090711
-29.410428,1600,4230.927314
-35.997818,1600,4233.47722
-40.449645,1600,4234.253794
-41.309698,1600,4235.049314
-28.031733,1600,4235.828489
-24.372178,1600,4236.645638
-41.598662,1600,4238.252844
-40.935256,1600,4239.029759
-55.816899,1600,4239.842086
-54.19859,1600,4240.652224
-23.710471,1600,4241.486106
-58.293236,1600,4244.286662
-56.086497,1600,4245.042686
-22.962937,1600,4245.882209
-32.908787,1600,4246.678025
-26.6527,1600,4247.496927
-98.930385,668,4247.951272
-30.64475,1600,4249.939543
-32.590217,1600,4250.766906
-45.847298,1600,4251.553808
-25.75948,1600,4252.338973
-50.90297,1600,4253.333328
-43.588985,1600,4254.877242
-49.562247,1600,4255.708519
-24.683558,1600,4256.486922
-30.690805,1600,4257.276714
-44.377861,1600,4258.040455
-22.980855,1600,4260.510015
-22.975548,1600,4261.291551
-17.075837,1600,4262.05562
-23.472019,1600,4262.818798
-23.172643,1600,4263.719969
-119.390349,840,4264.27531
-41.658235,1600,4266.123759
-49.946098,1600,4266.87912
-49.416343,1600,4267.689744
-26.59728,1600,4268.504829
-22.597239,1600,4269.254679
-23.826581,1600,4270.987322
-26.523322,1600,4271.793689
-49.546126,1600,4272.552263
-26.526916,1600,4273.333423
-42.444047,1600,4274.199218
-40.653826,1600,4276.605082
-45.611121,1600,4277.399922
-40.318587,1600,4278.186045
-36.155394,1600,4278.957059
-46.763981,1600,4279.762014
-40.579883,1600,4281.355588
-45.429582,1600,4282.173236
-26.959387,1600,4282.942403
-45.953943,1600,4283.691615
-28.156918,1600,4284.707751
-46.63605,1600,4287.057575
-43.354884,1600,4287.832435
-40.864485,1600,4288.630257
-26.121304,1600,4289.360346
-27.077814,1600,4290.140735
-26.177274,1600,4292.63731
-49.927996,1600,4293.421078
-41.520429,1600,4294.189078
-41.619562,1600,4295.1212
-29.576324,1600,4295.897807
-26.967718,1600,4297.672746
-37.836293,1600,4298.417109
-31.611619,1600,4299.235579
-23.950689,1600,4299.995652
-33.673878,1600,4300.901018
-41.201105,1600,4303.515373
-55.712979,1600,4304.555291
-48.01349,1600,4305.395928
-44.268415,1600,4306.198816
-23.82804,1600,4306.967131
-51.019141,1600,4308.521969
-41.864845,1600,4309.307886
-48.846163,1600,4310.154692
-40.406,1600,4311.07766
-45.778285,1600,4311.857427
